t,task_id,task_type,method,worker_id,model_id,request_id,success,failure_reason,format_ok,prompt_tokens,completion_tokens,total_tokens,latency_ms,cost_usd,cost_source,cost_exact_usd,cost_fallback_usd,decomp_used,decomp_request_id,raw_output_path,planner_raw_output_path,timestamp
1,humaneval_HumanEval/120,humaneval,random,deepseek_r1,deepseek/deepseek-r1-0528,gen-1773652549-syYidaAzPvAJMT2oBIxf,0,syntax_error,0,283,3772,4055,64747,0.00823715,usage_estimate,,0.00823715,0,,/disk0/home/gaohaoyu/multi-agent-sys_2/outputs/raw/random/0001_humaneval_HumanEval_120_solver.json,,1773652624
2,gsm8k_713,gsm8k,random,haiku45,anthropic/claude-4.5-haiku-20251001,gen-1773652624-YsnGgLzRpUobF9koU2zA,1,ok,1,183,290,473,3631,0.001633,usage_estimate,,0.001633,0,,/disk0/home/gaohaoyu/multi-agent-sys_2/outputs/raw/random/0002_gsm8k_713_solver.json,,1773652636
3,gsm8k_263,gsm8k,random,qwen3_235b,qwen/qwen3-235b-a22b-07-25,gen-1773652637-s2iOoJ7Tnlx1LSQ86zDc,1,ok,1,150,98,248,2096,2.045e-05,usage_estimate,,2.045e-05,0,,/disk0/home/gaohaoyu/multi-agent-sys_2/outputs/raw/random/0003_gsm8k_263_solver.json,,1773652648
4,humaneval_HumanEval/127,humaneval,random,gemini25flash,google/gemini-2.5-flash,gen-1773652648-jFhply4LsWCKFrXEbuBr,0,wrong_answer,1,341,1241,1582,5929,0.0032048,usage_estimate,,0.0032048,0,,/disk0/home/gaohaoyu/multi-agent-sys_2/outputs/raw/random/0004_humaneval_HumanEval_127_solver.json,,1773652672
5,gsm8k_984,gsm8k,random,gemini25flash,google/gemini-2.5-flash,gen-1773652674-YS07TJ2S0iCZdD6P8ROF,0,wrong_answer,1,178,1249,1427,7836,0.0031758999999999997,usage_estimate,,0.0031758999999999997,0,,/disk0/home/gaohaoyu/multi-agent-sys_2/outputs/raw/random/0005_gsm8k_984_solver.json,,1773652689
6,gsm8k_736,gsm8k,random,gemini25flash,google/gemini-2.5-flash,gen-1773652689-vQfpnZVp1WvHqwFqwNM3,1,ok,1,129,317,446,2405,0.0008312,usage_estimate,,0.0008312,0,,/disk0/home/gaohaoyu/multi-agent-sys_2/outputs/raw/random/0006_gsm8k_736_solver.json,,1773652700
7,humaneval_HumanEval/132,humaneval,random,haiku45,anthropic/claude-4.5-haiku-20251001,gen-1773652701-NvQEwaAIzKX7LVapWRv8,0,wrong_answer,1,268,820,1088,7900,0.0043679999999999995,usage_estimate,,0.0043679999999999995,0,,/disk0/home/gaohaoyu/multi-agent-sys_2/outputs/raw/random/0007_humaneval_HumanEval_132_solver.json,,1773652718
8,humaneval_HumanEval/42,humaneval,random,gemini25flash,google/gemini-2.5-flash,gen-1773652719-5LU55KOudqPwKdlFoizo,1,ok,1,192,295,487,2283,0.0007951000000000001,usage_estimate,,0.0007951000000000001,0,,/disk0/home/gaohaoyu/multi-agent-sys_2/outputs/raw/random/0008_humaneval_HumanEval_42_solver.json,,1773652730
9,gsm8k_1280,gsm8k,random,deepseek_r1,deepseek/deepseek-r1-0528,gen-1773652731-CsIDQzBd8zJhr7WoiV5U,1,ok,1,137,574,711,23806,0.0012957499999999998,usage_estimate,,0.0012957499999999998,0,,/disk0/home/gaohaoyu/multi-agent-sys_2/outputs/raw/random/0009_gsm8k_1280_solver.json,,1773652763
10,humaneval_HumanEval/58,humaneval,random,deepseek_r1,deepseek/deepseek-r1-0528,gen-1773652765-rsszL56qnTQNsAJKgG8P,0,syntax_error,0,183,278,461,19346,0.00068005,usage_estimate,,0.00068005,0,,/disk0/home/gaohaoyu/multi-agent-sys_2/outputs/raw/random/0010_humaneval_HumanEval_58_solver.json,,1773652792
11,humaneval_HumanEval/35,humaneval,random,deepseek_r1,deepseek/deepseek-r1-0528,gen-1773652793-lc0VKs3NdIJdAht58I2M,1,ok,1,150,71,221,3162,0.00022015,usage_estimate,,0.00022015,0,,/disk0/home/gaohaoyu/multi-agent-sys_2/outputs/raw/random/0011_humaneval_HumanEval_35_solver.json,,1773652805
12,gsm8k_498,gsm8k,random,haiku45,anthropic/claude-4.5-haiku-20251001,gen-1773652806-f6kxMWOJfADxwXSZWKgG,1,ok,1,190,320,510,3384,0.0017900000000000001,usage_estimate,,0.0017900000000000001,0,,/disk0/home/gaohaoyu/multi-agent-sys_2/outputs/raw/random/0012_gsm8k_498_solver.json,,1773652817
13,humaneval_HumanEval/53,humaneval,random,qwen3_235b,qwen/qwen3-235b-a22b-07-25,gen-1773652818-7H9SZdMa0lQZ3xKXQFpu,1,ok,1,128,55,183,1550,1.4588e-05,usage_estimate,,1.4588e-05,0,,/disk0/home/gaohaoyu/multi-agent-sys_2/outputs/raw/random/0013_humaneval_HumanEval_53_solver.json,,1773652828
14,humaneval_HumanEval/149,humaneval,random,haiku45,anthropic/claude-4.5-haiku-20251001,gen-1773652829-4pPHicZrGvFKWE8HtYg2,1,ok,1,322,681,1003,4388,0.0037270000000000003,usage_estimate,,0.0037270000000000003,0,,/disk0/home/gaohaoyu/multi-agent-sys_2/outputs/raw/random/0014_humaneval_HumanEval_149_solver.json,,1773652842
15,humaneval_HumanEval/17,humaneval,random,haiku45,anthropic/claude-4.5-haiku-20251001,gen-1773652843-UhEhtlsB7uMAFBcoeA4z,1,ok,1,294,585,879,4261,0.003219,usage_estimate,,0.003219,0,,/disk0/home/gaohaoyu/multi-agent-sys_2/outputs/raw/random/0015_humaneval_HumanEval_17_solver.json,,1773652856
16,gsm8k_635,gsm8k,random,qwen3_235b,qwen/qwen3-235b-a22b-07-25,gen-1773652857-tOf6AF4VndRTiCYViPVu,1,ok,1,161,280,441,4377,3.9430999999999996e-05,usage_estimate,,3.9430999999999996e-05,0,,/disk0/home/gaohaoyu/multi-agent-sys_2/outputs/raw/random/0016_gsm8k_635_solver.json,,1773652870
17,gsm8k_71,gsm8k,random,qwen3_235b,qwen/qwen3-235b-a22b-07-25,gen-1773652871-912Eh0KjJUxT1m5M2TMe,1,ok,1,141,73,214,1835,1.7311e-05,usage_estimate,,1.7311e-05,0,,/disk0/home/gaohaoyu/multi-agent-sys_2/outputs/raw/random/0017_gsm8k_71_solver.json,,1773652882
18,gsm8k_322,gsm8k,random,deepseek_r1,deepseek/deepseek-r1-0528,gen-1773652882-FqkMZDtIysf8NssrzYIe,0,wrong_answer,1,138,2856,2994,97880,0.0062025,usage_estimate,,0.0062025,0,,/disk0/home/gaohaoyu/multi-agent-sys_2/outputs/raw/random/0018_gsm8k_322_solver.json,,1773652989
19,humaneval_HumanEval/11,humaneval,random,haiku45,anthropic/claude-4.5-haiku-20251001,gen-1773652990-rg2vhoPmWHtXaM6239lk,1,ok,1,197,456,653,5586,0.002477,usage_estimate,,0.002477,0,,/disk0/home/gaohaoyu/multi-agent-sys_2/outputs/raw/random/0019_humaneval_HumanEval_11_solver.json,,1773653004
20,gsm8k_178,gsm8k,random,haiku45,anthropic/claude-4.5-haiku-20251001,gen-1773653004-G6AcnNq0VAWZbsjA639d,1,ok,1,179,389,568,3767,0.002124,usage_estimate,,0.002124,0,,/disk0/home/gaohaoyu/multi-agent-sys_2/outputs/raw/random/0020_gsm8k_178_solver.json,,1773653017
21,gsm8k_1244,gsm8k,random,deepseek_r1,deepseek/deepseek-r1-0528,gen-1773653017-sPpVLTf2NkPkdHOhHdTI,1,ok,1,175,1210,1385,38855,0.0026802499999999995,usage_estimate,,0.0026802499999999995,0,,/disk0/home/gaohaoyu/multi-agent-sys_2/outputs/raw/random/0021_gsm8k_1244_solver.json,,1773653064
22,gsm8k_500,gsm8k,random,haiku45,anthropic/claude-4.5-haiku-20251001,gen-1773653065-U1YFlBc2fB6YjVRQ7Rw7,1,ok,1,178,618,796,4789,0.003268,usage_estimate,,0.003268,0,,/disk0/home/gaohaoyu/multi-agent-sys_2/outputs/raw/random/0022_gsm8k_500_solver.json,,1773653078
23,humaneval_HumanEval/67,humaneval,random,qwen3_235b,qwen/qwen3-235b-a22b-07-25,gen-1773653078-hz3yVu7UnumHbrHzMxxo,1,ok,1,300,56,356,3416,2.6899999999999997e-05,usage_estimate,,2.6899999999999997e-05,0,,/disk0/home/gaohaoyu/multi-agent-sys_2/outputs/raw/random/0023_humaneval_HumanEval_67_solver.json,,1773653091
24,gsm8k_1213,gsm8k,random,gemini25flash,google/gemini-2.5-flash,gen-1773653092-i7J3xF9uq5np6vzPa2nA,1,ok,1,159,559,718,3521,0.0014452,usage_estimate,,0.0014452,0,,/disk0/home/gaohaoyu/multi-agent-sys_2/outputs/raw/random/0024_gsm8k_1213_solver.json,,1773653104
25,gsm8k_1279,gsm8k,random,deepseek_r1,deepseek/deepseek-r1-0528,gen-1773653104-wlal2zL0JsPWz4Issp1s,1,ok,1,168,1429,1597,28325,0.0031479499999999996,usage_estimate,,0.0031479499999999996,0,,/disk0/home/gaohaoyu/multi-agent-sys_2/outputs/raw/random/0025_gsm8k_1279_solver.json,,1773653141
26,gsm8k_464,gsm8k,random,gemini25flash,google/gemini-2.5-flash,gen-1773653142-OkAV14okbOpZPzw3AcRw,1,ok,1,157,265,422,1994,0.0007096,usage_estimate,,0.0007096,0,,/disk0/home/gaohaoyu/multi-agent-sys_2/outputs/raw/random/0026_gsm8k_464_solver.json,,1773653152
27,gsm8k_320,gsm8k,random,qwen3_235b,qwen/qwen3-235b-a22b-07-25,gen-1773653153-K9ca0jG6QE5boYMk04GA,1,ok,1,147,214,361,3433,3.1837e-05,usage_estimate,,3.1837e-05,0,,/disk0/home/gaohaoyu/multi-agent-sys_2/outputs/raw/random/0027_gsm8k_320_solver.json,,1773653164
28,humaneval_HumanEval/48,humaneval,random,qwen3_235b,qwen/qwen3-235b-a22b-07-25,gen-1773653165-pAUtxhEZTvKZfvE0JnaZ,1,ok,1,145,74,219,1790,1.7695e-05,usage_estimate,,1.7695e-05,0,,/disk0/home/gaohaoyu/multi-agent-sys_2/outputs/raw/random/0028_humaneval_HumanEval_48_solver.json,,1773653175
29,gsm8k_1008,gsm8k,random,qwen3_235b,qwen/qwen3-235b-a22b-07-25,gen-1773653176-gQdEzcKQmY5RNpDhqXlY,1,ok,1,141,99,240,3590,1.9911e-05,usage_estimate,,1.9911e-05,0,,/disk0/home/gaohaoyu/multi-agent-sys_2/outputs/raw/random/0029_gsm8k_1008_solver.json,,1773653187
30,humaneval_HumanEval/61,humaneval,random,qwen3_235b,qwen/qwen3-235b-a22b-07-25,gen-1773653188-ZJzGoNK9trhm3q3n7d1n,1,ok,1,163,137,300,3068,2.5273e-05,usage_estimate,,2.5273e-05,0,,/disk0/home/gaohaoyu/multi-agent-sys_2/outputs/raw/random/0030_humaneval_HumanEval_61_solver.json,,1773653200
31,gsm8k_773,gsm8k,random,gemini25flash,google/gemini-2.5-flash,gen-1773653200-hb4PIB5yp3rbyZ2GBi7T,1,ok,1,137,377,514,2571,0.0009836,usage_estimate,,0.0009836,0,,/disk0/home/gaohaoyu/multi-agent-sys_2/outputs/raw/random/0031_gsm8k_773_solver.json,,1773653213
32,gsm8k_1006,gsm8k,random,gemini25flash,google/gemini-2.5-flash,gen-1773653213-nZ1I7evfcL6PDkZQ2R8I,1,ok,1,200,466,666,2718,0.001225,usage_estimate,,0.001225,0,,/disk0/home/gaohaoyu/multi-agent-sys_2/outputs/raw/random/0032_gsm8k_1006_solver.json,,1773653224
33,gsm8k_826,gsm8k,random,gemini25flash,google/gemini-2.5-flash,gen-1773653224-iIISxmT90WQwN7OSC0o4,1,ok,1,162,411,573,2937,0.0010761,usage_estimate,,0.0010761,0,,/disk0/home/gaohaoyu/multi-agent-sys_2/outputs/raw/random/0033_gsm8k_826_solver.json,,1773653237
34,gsm8k_1101,gsm8k,random,haiku45,anthropic/claude-4.5-haiku-20251001,gen-1773653237-uSNhEmhJgvsYGzoqIu8I,1,ok,1,185,315,500,3633,0.00176,usage_estimate,,0.00176,0,,/disk0/home/gaohaoyu/multi-agent-sys_2/outputs/raw/random/0034_gsm8k_1101_solver.json,,1773653249
35,gsm8k_938,gsm8k,random,qwen3_235b,qwen/qwen3-235b-a22b-07-25,gen-1773653250-cwBn1oM3iT6ThcbZa981,1,ok,1,161,160,321,3044,2.7431000000000002e-05,usage_estimate,,2.7431000000000002e-05,0,,/disk0/home/gaohaoyu/multi-agent-sys_2/outputs/raw/random/0035_gsm8k_938_solver.json,,1773653261
36,humaneval_HumanEval/118,humaneval,random,haiku45,anthropic/claude-4.5-haiku-20251001,gen-1773653262-ph57urEuYKagvCpaIIGU,1,ok,1,281,991,1272,8857,0.005235999999999999,usage_estimate,,0.005235999999999999,0,,/disk0/home/gaohaoyu/multi-agent-sys_2/outputs/raw/random/0036_humaneval_HumanEval_118_solver.json,,1773653280
37,gsm8k_797,gsm8k,random,haiku45,anthropic/claude-4.5-haiku-20251001,gen-1773653280-QwxwaPW1C9DDKBFAPmzw,1,ok,1,204,257,461,4144,0.001489,usage_estimate,,0.001489,0,,/disk0/home/gaohaoyu/multi-agent-sys_2/outputs/raw/random/0037_gsm8k_797_solver.json,,1773653293
38,humaneval_HumanEval/119,humaneval,random,deepseek_r1,deepseek/deepseek-r1-0528,gen-1773653293-wScnlpVeuug8mluU9owD,0,runtime_error,1,241,8192,8433,306452,0.017721249999999997,usage_estimate,,0.017721249999999997,0,,/disk0/home/gaohaoyu/multi-agent-sys_2/outputs/raw/random/0038_humaneval_HumanEval_119_solver.json,,1773653609
39,humaneval_HumanEval/70,humaneval,random,qwen3_235b,qwen/qwen3-235b-a22b-07-25,gen-1773653610-xUrfPwDpEk3IUwjvLwcO,1,ok,1,198,84,282,2763,2.2457999999999997e-05,usage_estimate,,2.2457999999999997e-05,0,,/disk0/home/gaohaoyu/multi-agent-sys_2/outputs/raw/random/0039_humaneval_HumanEval_70_solver.json,,1773653621
40,gsm8k_423,gsm8k,random,gemini25flash,google/gemini-2.5-flash,gen-1773653622-f5uKL2AXnesajlyptl8T,1,ok,1,205,1739,1944,11537,0.004409000000000001,usage_estimate,,0.004409000000000001,0,,/disk0/home/gaohaoyu/multi-agent-sys_2/outputs/raw/random/0040_gsm8k_423_solver.json,,1773653643
41,humaneval_HumanEval/78,humaneval,random,gemini25flash,google/gemini-2.5-flash,gen-1773653644-ToFE17zXe99f3uHMTxrA,1,ok,1,407,1153,1560,6111,0.0030045999999999996,usage_estimate,,0.0030045999999999996,0,,/disk0/home/gaohaoyu/multi-agent-sys_2/outputs/raw/random/0041_humaneval_HumanEval_78_solver.json,,1773653658
42,gsm8k_1202,gsm8k,random,gemini25flash,google/gemini-2.5-flash,gen-1773653659-D3FzcH4fe2DZl3ytihiX,1,ok,1,141,658,799,4539,0.0016872999999999999,usage_estimate,,0.0016872999999999999,0,,/disk0/home/gaohaoyu/multi-agent-sys_2/outputs/raw/random/0042_gsm8k_1202_solver.json,,1773653671
43,humaneval_HumanEval/29,humaneval,random,deepseek_r1,deepseek/deepseek-r1-0528,gen-1773653673-9AHzSRRRkiHPwzWUT3hh,0,runtime_error,1,159,91,250,6494,0.0002672,usage_estimate,,0.0002672,0,,/disk0/home/gaohaoyu/multi-agent-sys_2/outputs/raw/random/0043_humaneval_HumanEval_29_solver.json,,1773653688
44,gsm8k_109,gsm8k,random,qwen3_235b,qwen/qwen3-235b-a22b-07-25,gen-1773653689-Q07RxwAU5NZCRqfrZcVt,0,wrong_answer,1,158,131,289,1989,2.4318e-05,usage_estimate,,2.4318e-05,0,,/disk0/home/gaohaoyu/multi-agent-sys_2/outputs/raw/random/0044_gsm8k_109_solver.json,,1773653699
45,gsm8k_405,gsm8k,random,deepseek_r1,deepseek/deepseek-r1-0528,gen-1773653700-RXSuV4VYtES5vSoyXzS6,1,ok,1,181,229,410,8344,0.0005738,usage_estimate,,0.0005738,0,,/disk0/home/gaohaoyu/multi-agent-sys_2/outputs/raw/random/0045_gsm8k_405_solver.json,,1773653717
46,gsm8k_304,gsm8k,random,deepseek_r1,deepseek/deepseek-r1-0528,gen-1773653718-vYJLvmUF0SPcMCKfJmZZ,0,wrong_answer,1,147,5008,5155,213672,0.010833349999999999,usage_estimate,,0.010833349999999999,0,,/disk0/home/gaohaoyu/multi-agent-sys_2/outputs/raw/random/0046_gsm8k_304_solver.json,,1773653941
47,gsm8k_1136,gsm8k,random,deepseek_r1,deepseek/deepseek-r1-0528,gen-1773653941-8Zjqd8QCu1Ygm5RshVsg,1,ok,1,134,714,848,29381,0.0015953999999999999,usage_estimate,,0.0015953999999999999,0,,/disk0/home/gaohaoyu/multi-agent-sys_2/outputs/raw/random/0047_gsm8k_1136_solver.json,,1773653979
48,gsm8k_130,gsm8k,random,deepseek_r1,deepseek/deepseek-r1-0528,gen-1773653980-GGpSeNYdMU7xrYC3NWXb,1,ok,1,145,770,915,28845,0.0017207499999999998,usage_estimate,,0.0017207499999999998,0,,/disk0/home/gaohaoyu/multi-agent-sys_2/outputs/raw/random/0048_gsm8k_130_solver.json,,1773654017
49,gsm8k_1224,gsm8k,random,haiku45,anthropic/claude-4.5-haiku-20251001,gen-1773654018-0dwx0NQJ9pWLZpRJQ061,1,ok,1,173,196,369,3346,0.001153,usage_estimate,,0.001153,0,,/disk0/home/gaohaoyu/multi-agent-sys_2/outputs/raw/random/0049_gsm8k_1224_solver.json,,1773654030
50,gsm8k_1052,gsm8k,random,gemini25flash,google/gemini-2.5-flash,gen-1773654030-Ho3rBtdTOkMHVaCqo7TU,1,ok,1,163,708,871,4910,0.0018188999999999998,usage_estimate,,0.0018188999999999998,0,,/disk0/home/gaohaoyu/multi-agent-sys_2/outputs/raw/random/0050_gsm8k_1052_solver.json,,1773654044
51,gsm8k_1169,gsm8k,random,qwen3_235b,qwen/qwen3-235b-a22b-07-25,gen-1773654045-ZnRtp6CGJsUw2wVOLVV0,1,ok,1,151,240,391,3118,3.4721e-05,usage_estimate,,3.4721e-05,0,,/disk0/home/gaohaoyu/multi-agent-sys_2/outputs/raw/random/0051_gsm8k_1169_solver.json,,1773654056
52,gsm8k_895,gsm8k,random,qwen3_235b,qwen/qwen3-235b-a22b-07-25,gen-1773654057-LwEbcHx4ybtct99bp21u,1,ok,1,154,103,257,2185,2.1234e-05,usage_estimate,,2.1234e-05,0,,/disk0/home/gaohaoyu/multi-agent-sys_2/outputs/raw/random/0052_gsm8k_895_solver.json,,1773654068
53,humaneval_HumanEval/114,humaneval,random,haiku45,anthropic/claude-4.5-haiku-20251001,gen-1773654069-ZAgj4uf5QPhDKeZCCtyS,1,ok,1,204,669,873,5710,0.003549,usage_estimate,,0.003549,0,,/disk0/home/gaohaoyu/multi-agent-sys_2/outputs/raw/random/0053_humaneval_HumanEval_114_solver.json,,1773654084
54,humaneval_HumanEval/83,humaneval,random,qwen3_235b,qwen/qwen3-235b-a22b-07-25,gen-1773654085-DF3mWqPoypfpDdiTmUnw,1,ok,1,118,233,351,10376,3.1678e-05,usage_estimate,,3.1678e-05,0,,/disk0/home/gaohaoyu/multi-agent-sys_2/outputs/raw/random/0054_humaneval_HumanEval_83_solver.json,,1773654105
55,humaneval_HumanEval/60,humaneval,random,deepseek_r1,deepseek/deepseek-r1-0528,gen-1773654105-ISC76ZXIsqvZ6mj0BcEQ,1,ok,1,158,78,236,6421,0.00023879999999999998,usage_estimate,,0.00023879999999999998,0,,/disk0/home/gaohaoyu/multi-agent-sys_2/outputs/raw/random/0055_humaneval_HumanEval_60_solver.json,,1773654120
56,humaneval_HumanEval/18,humaneval,random,haiku45,anthropic/claude-4.5-haiku-20251001,gen-1773654121-Kn4toS15P7Tk50Pdmsrz,1,ok,1,215,772,987,6092,0.0040750000000000005,usage_estimate,,0.0040750000000000005,0,,/disk0/home/gaohaoyu/multi-agent-sys_2/outputs/raw/random/0056_humaneval_HumanEval_18_solver.json,,1773654136
57,gsm8k_681,gsm8k,random,deepseek_r1,deepseek/deepseek-r1-0528,gen-1773654137-06QS89klTblHIhC2q6ou,1,ok,1,143,1523,1666,50051,0.0033388,usage_estimate,,0.0033388,0,,/disk0/home/gaohaoyu/multi-agent-sys_2/outputs/raw/random/0057_gsm8k_681_solver.json,,1773654195
58,gsm8k_816,gsm8k,random,qwen3_235b,qwen/qwen3-235b-a22b-07-25,gen-1773654195-30clE13rmxPwFngS618G,1,ok,1,133,86,219,1964,1.8043e-05,usage_estimate,,1.8043e-05,0,,/disk0/home/gaohaoyu/multi-agent-sys_2/outputs/raw/random/0058_gsm8k_816_solver.json,,1773654206
59,gsm8k_1046,gsm8k,random,qwen3_235b,qwen/qwen3-235b-a22b-07-25,gen-1773654206-XlFHIkP1o8flRZt2Gv1y,0,wrong_answer,1,134,227,361,3391,3.2214e-05,usage_estimate,,3.2214e-05,0,,/disk0/home/gaohaoyu/multi-agent-sys_2/outputs/raw/random/0059_gsm8k_1046_solver.json,,1773654215
60,gsm8k_300,gsm8k,random,haiku45,anthropic/claude-4.5-haiku-20251001,gen-1773654216-8A1b6XHrCsh3LUZNAwWW,1,ok,1,192,238,430,3236,0.001382,usage_estimate,,0.001382,0,,/disk0/home/gaohaoyu/multi-agent-sys_2/outputs/raw/random/0060_gsm8k_300_solver.json,,1773654228
61,humaneval_HumanEval/147,humaneval,random,haiku45,anthropic/claude-4.5-haiku-20251001,gen-1773654229-3rOBtST2ucSt7V3FInU5,1,ok,1,303,1529,1832,9532,0.007948,usage_estimate,,0.007948,0,,/disk0/home/gaohaoyu/multi-agent-sys_2/outputs/raw/random/0061_humaneval_HumanEval_147_solver.json,,1773654247
62,humaneval_HumanEval/6,humaneval,random,gemini25flash,google/gemini-2.5-flash,gen-1773654247-r9pdT152NQMPVZtWSuac,1,ok,1,192,1002,1194,6308,0.0025626000000000004,usage_estimate,,0.0025626000000000004,0,,/disk0/home/gaohaoyu/multi-agent-sys_2/outputs/raw/random/0062_humaneval_HumanEval_6_solver.json,,1773654263
63,gsm8k_221,gsm8k,random,gemini25flash,google/gemini-2.5-flash,gen-1773654264-IbfAT2Wh2wE7J57saOmr,1,ok,1,150,282,432,3678,0.0007500000000000001,usage_estimate,,0.0007500000000000001,0,,/disk0/home/gaohaoyu/multi-agent-sys_2/outputs/raw/random/0063_gsm8k_221_solver.json,,1773654280
64,gsm8k_382,gsm8k,random,deepseek_r1,deepseek/deepseek-r1-0528,gen-1773654280-wTvaSLDBziiK3MNO8OgA,1,ok,1,138,912,1050,25469,0.0020229,usage_estimate,,0.0020229,0,,/disk0/home/gaohaoyu/multi-agent-sys_2/outputs/raw/random/0064_gsm8k_382_solver.json,,1773654315
65,gsm8k_1066,gsm8k,random,haiku45,anthropic/claude-4.5-haiku-20251001,gen-1773654315-6nuPEUoVZFhFHANH4D3g,1,ok,1,176,334,510,3461,0.001846,usage_estimate,,0.001846,0,,/disk0/home/gaohaoyu/multi-agent-sys_2/outputs/raw/random/0065_gsm8k_1066_solver.json,,1773654328
66,gsm8k_1159,gsm8k,random,gemini25flash,google/gemini-2.5-flash,gen-1773654329-SINdNdb1yaLifMFgVstW,1,ok,1,155,777,932,6280,0.001989,usage_estimate,,0.001989,0,,/disk0/home/gaohaoyu/multi-agent-sys_2/outputs/raw/random/0066_gsm8k_1159_solver.json,,1773654345
67,gsm8k_677,gsm8k,random,deepseek_r1,deepseek/deepseek-r1-0528,gen-1773654346-Tyy1zpGuYEXUQhJm99IC,1,ok,1,205,642,847,21629,0.00147255,usage_estimate,,0.00147255,0,,/disk0/home/gaohaoyu/multi-agent-sys_2/outputs/raw/random/0067_gsm8k_677_solver.json,,1773654376
68,gsm8k_1043,gsm8k,random,gemini25flash,google/gemini-2.5-flash,gen-1773654377-PrKqAWqE3UFROYugBslx,1,ok,1,142,203,345,2893,0.0005501,usage_estimate,,0.0005501,0,,/disk0/home/gaohaoyu/multi-agent-sys_2/outputs/raw/random/0068_gsm8k_1043_solver.json,,1773654388
69,gsm8k_807,gsm8k,random,haiku45,anthropic/claude-4.5-haiku-20251001,gen-1773654388-Aux0gjgG8R6GUnVHaRFr,1,ok,1,206,438,644,4547,0.002396,usage_estimate,,0.002396,0,,/disk0/home/gaohaoyu/multi-agent-sys_2/outputs/raw/random/0069_gsm8k_807_solver.json,,1773654401
70,humaneval_HumanEval/63,humaneval,random,haiku45,anthropic/claude-4.5-haiku-20251001,gen-1773654403-elfWlLpdqxiuBqv6Wxk9,1,ok,1,283,864,1147,7139,0.004603,usage_estimate,,0.004603,0,,/disk0/home/gaohaoyu/multi-agent-sys_2/outputs/raw/random/0070_humaneval_HumanEval_63_solver.json,,1773654419
71,humaneval_HumanEval/34,humaneval,random,gemini25flash,google/gemini-2.5-flash,gen-1773654419-ZSYtPTDKn0yfh2hwPG6a,1,ok,1,149,634,783,4719,0.0016297,usage_estimate,,0.0016297,0,,/disk0/home/gaohaoyu/multi-agent-sys_2/outputs/raw/random/0071_humaneval_HumanEval_34_solver.json,,1773654433
72,gsm8k_772,gsm8k,random,gemini25flash,google/gemini-2.5-flash,gen-1773654434-wilB7ab9lRdwBer0IOkz,1,ok,1,167,626,793,5135,0.0016151,usage_estimate,,0.0016151,0,,/disk0/home/gaohaoyu/multi-agent-sys_2/outputs/raw/random/0072_gsm8k_772_solver.json,,1773654447
73,gsm8k_106,gsm8k,random,gemini25flash,google/gemini-2.5-flash,gen-1773654448-nUpX4eXUHfcS3Ms4dee5,1,ok,1,135,682,817,4763,0.0017454999999999999,usage_estimate,,0.0017454999999999999,0,,/disk0/home/gaohaoyu/multi-agent-sys_2/outputs/raw/random/0073_gsm8k_106_solver.json,,1773654461
74,gsm8k_1150,gsm8k,random,haiku45,anthropic/claude-4.5-haiku-20251001,gen-1773654462-VB0JKC7zyTm8VS8fpKYe,1,ok,1,168,159,327,3222,0.0009629999999999999,usage_estimate,,0.0009629999999999999,0,,/disk0/home/gaohaoyu/multi-agent-sys_2/outputs/raw/random/0074_gsm8k_1150_solver.json,,1773654474
75,gsm8k_939,gsm8k,random,haiku45,anthropic/claude-4.5-haiku-20251001,gen-1773654475-05lbqr2UX4EGk72I3Nd6,1,ok,1,215,287,502,4185,0.0016499999999999998,usage_estimate,,0.0016499999999999998,0,,/disk0/home/gaohaoyu/multi-agent-sys_2/outputs/raw/random/0075_gsm8k_939_solver.json,,1773654488
76,gsm8k_1137,gsm8k,random,gemini25flash,google/gemini-2.5-flash,gen-1773654488-MJfkmb94v7xOcG1147H5,1,ok,1,178,786,964,4758,0.0020184,usage_estimate,,0.0020184,0,,/disk0/home/gaohaoyu/multi-agent-sys_2/outputs/raw/random/0076_gsm8k_1137_solver.json,,1773654501
77,gsm8k_1281,gsm8k,random,gemini25flash,google/gemini-2.5-flash,gen-1773654502-epQJi2NNwRP2rpBHk87v,1,ok,1,132,447,579,4679,0.0011571,usage_estimate,,0.0011571,0,,/disk0/home/gaohaoyu/multi-agent-sys_2/outputs/raw/random/0077_gsm8k_1281_solver.json,,1773654514
78,gsm8k_443,gsm8k,random,haiku45,anthropic/claude-4.5-haiku-20251001,gen-1773654515-4utqPAZgPnDqKSIpYwGf,1,ok,1,219,681,900,5624,0.003624,usage_estimate,,0.003624,0,,/disk0/home/gaohaoyu/multi-agent-sys_2/outputs/raw/random/0078_gsm8k_443_solver.json,,1773654530
79,gsm8k_258,gsm8k,random,deepseek_r1,deepseek/deepseek-r1-0528,gen-1773654530-3LNXtnK00KNErpKYUjAw,1,ok,1,145,1347,1492,14917,0.0029613000000000005,usage_estimate,,0.0029613000000000005,0,,/disk0/home/gaohaoyu/multi-agent-sys_2/outputs/raw/random/0079_gsm8k_258_solver.json,,1773654556
80,gsm8k_590,gsm8k,random,deepseek_r1,deepseek/deepseek-r1-0528,gen-1773654556-L9ZE6Ga69Fv5F1pDSeT8,1,ok,1,172,3282,3454,106521,0.0071337,usage_estimate,,0.0071337,0,,/disk0/home/gaohaoyu/multi-agent-sys_2/outputs/raw/random/0080_gsm8k_590_solver.json,,1773654671
81,gsm8k_364,gsm8k,random,qwen3_235b,qwen/qwen3-235b-a22b-07-25,gen-1773654672-Jep9LgYxicc7ehGB8ITk,1,ok,1,150,71,221,1818,1.7749999999999998e-05,usage_estimate,,1.7749999999999998e-05,0,,/disk0/home/gaohaoyu/multi-agent-sys_2/outputs/raw/random/0081_gsm8k_364_solver.json,,1773654682
82,humaneval_HumanEval/156,humaneval,random,deepseek_r1,deepseek/deepseek-r1-0528,gen-1773654683-rI9lELUrMf84tXeh7K8q,0,syntax_error,0,174,3038,3212,145291,0.0066099999999999996,usage_estimate,,0.0066099999999999996,0,,/disk0/home/gaohaoyu/multi-agent-sys_2/outputs/raw/random/0082_humaneval_HumanEval_156_solver.json,,1773654837
83,gsm8k_321,gsm8k,random,haiku45,anthropic/claude-4.5-haiku-20251001,gen-1773654838-wVISjUBH8LdWs7dVwXrE,1,ok,1,167,183,350,3311,0.001082,usage_estimate,,0.001082,0,,/disk0/home/gaohaoyu/multi-agent-sys_2/outputs/raw/random/0083_gsm8k_321_solver.json,,1773654849
84,gsm8k_448,gsm8k,random,qwen3_235b,qwen/qwen3-235b-a22b-07-25,gen-1773654850-kBAX8I0er48UqUaQIeCh,1,ok,1,165,245,410,17428,3.6215e-05,usage_estimate,,3.6215e-05,0,,/disk0/home/gaohaoyu/multi-agent-sys_2/outputs/raw/random/0084_gsm8k_448_solver.json,,1773654876
85,gsm8k_927,gsm8k,random,qwen3_235b,qwen/qwen3-235b-a22b-07-25,gen-1773654876-vt6dQHT4R4aQKcglGd2O,1,ok,1,171,176,347,14731,2.9741e-05,usage_estimate,,2.9741e-05,0,,/disk0/home/gaohaoyu/multi-agent-sys_2/outputs/raw/random/0085_gsm8k_927_solver.json,,1773654899
86,gsm8k_299,gsm8k,random,qwen3_235b,qwen/qwen3-235b-a22b-07-25,gen-1773654899-ji0sp3lSI9VjNi1zT1q3,1,ok,1,183,286,469,3786,4.1593000000000006e-05,usage_estimate,,4.1593000000000006e-05,0,,/disk0/home/gaohaoyu/multi-agent-sys_2/outputs/raw/random/0086_gsm8k_299_solver.json,,1773654913
87,gsm8k_122,gsm8k,random,qwen3_235b,qwen/qwen3-235b-a22b-07-25,gen-1773654913-bAOMgEzJw5Hr5Rr71wmd,1,ok,1,158,171,329,8337,2.8318000000000002e-05,usage_estimate,,2.8318000000000002e-05,0,,/disk0/home/gaohaoyu/multi-agent-sys_2/outputs/raw/random/0087_gsm8k_122_solver.json,,1773654930
88,humaneval_HumanEval/87,humaneval,random,gemini25flash,google/gemini-2.5-flash,gen-1773654931-I9Vjxrjt9VTRAeyOOzOG,1,ok,1,349,1230,1579,6388,0.0031797,usage_estimate,,0.0031797,0,,/disk0/home/gaohaoyu/multi-agent-sys_2/outputs/raw/random/0088_humaneval_HumanEval_87_solver.json,,1773654946
89,gsm8k_402,gsm8k,random,gemini25flash,google/gemini-2.5-flash,gen-1773654946-HHk3mVlFZ0azacq1du7j,1,ok,1,153,262,415,3184,0.0007009000000000001,usage_estimate,,0.0007009000000000001,0,,/disk0/home/gaohaoyu/multi-agent-sys_2/outputs/raw/random/0089_gsm8k_402_solver.json,,1773654958
90,gsm8k_153,gsm8k,random,gemini25flash,google/gemini-2.5-flash,gen-1773654959-wbpkLuWAdPAAy6W7MOso,1,ok,1,190,1027,1217,6420,0.0026245,usage_estimate,,0.0026245,0,,/disk0/home/gaohaoyu/multi-agent-sys_2/outputs/raw/random/0090_gsm8k_153_solver.json,,1773654973
91,gsm8k_1236,gsm8k,random,gemini25flash,google/gemini-2.5-flash,gen-1773654974-AeNHH3ug9tz0ybyj6FcT,1,ok,1,156,299,455,2693,0.0007943,usage_estimate,,0.0007943,0,,/disk0/home/gaohaoyu/multi-agent-sys_2/outputs/raw/random/0091_gsm8k_1236_solver.json,,1773654985
92,gsm8k_319,gsm8k,random,haiku45,anthropic/claude-4.5-haiku-20251001,gen-1773654986-264tQLKgbfWqVRhQetwz,1,ok,1,201,427,628,4369,0.0023360000000000004,usage_estimate,,0.0023360000000000004,0,,/disk0/home/gaohaoyu/multi-agent-sys_2/outputs/raw/random/0092_gsm8k_319_solver.json,,1773654999
93,gsm8k_92,gsm8k,random,gemini25flash,google/gemini-2.5-flash,gen-1773655000-VPmiUHsygyIJuW1cN3B9,1,ok,1,142,731,873,4614,0.0018701,usage_estimate,,0.0018701,0,,/disk0/home/gaohaoyu/multi-agent-sys_2/outputs/raw/random/0093_gsm8k_92_solver.json,,1773655012
94,humaneval_HumanEval/104,humaneval,random,haiku45,anthropic/claude-4.5-haiku-20251001,gen-1773655013-ggMUDJelYDnhB9NaeYsF,1,ok,1,226,645,871,4857,0.0034509999999999996,usage_estimate,,0.0034509999999999996,0,,/disk0/home/gaohaoyu/multi-agent-sys_2/outputs/raw/random/0094_humaneval_HumanEval_104_solver.json,,1773655026
95,gsm8k_630,gsm8k,random,haiku45,anthropic/claude-4.5-haiku-20251001,gen-1773655027-mzXQnVubce4fnAd7GXUx,1,ok,1,206,346,552,4523,0.001936,usage_estimate,,0.001936,0,,/disk0/home/gaohaoyu/multi-agent-sys_2/outputs/raw/random/0095_gsm8k_630_solver.json,,1773655040
96,humaneval_HumanEval/98,humaneval,random,haiku45,anthropic/claude-4.5-haiku-20251001,gen-1773655041-GcFHazNnkCuJZwUE5htc,1,ok,1,197,535,732,4387,0.002872,usage_estimate,,0.002872,0,,/disk0/home/gaohaoyu/multi-agent-sys_2/outputs/raw/random/0096_humaneval_HumanEval_98_solver.json,,1773655054
97,gsm8k_400,gsm8k,random,qwen3_235b,qwen/qwen3-235b-a22b-07-25,gen-1773655055-D3dl0AlNXi8yChANrHpe,1,ok,1,133,69,202,1707,1.6343e-05,usage_estimate,,1.6343e-05,0,,/disk0/home/gaohaoyu/multi-agent-sys_2/outputs/raw/random/0097_gsm8k_400_solver.json,,1773655065
98,gsm8k_91,gsm8k,random,haiku45,anthropic/claude-4.5-haiku-20251001,gen-1773655065-f6xXV5ZLLzuxLYcj5sKM,1,ok,1,176,339,515,3382,0.0018709999999999998,usage_estimate,,0.0018709999999999998,0,,/disk0/home/gaohaoyu/multi-agent-sys_2/outputs/raw/random/0098_gsm8k_91_solver.json,,1773655078
99,gsm8k_61,gsm8k,random,deepseek_r1,deepseek/deepseek-r1-0528,gen-1773655079-fyDNwpbQdRy6WGz8B52A,1,ok,1,147,1133,1280,65581,0.0025020999999999997,usage_estimate,,0.0025020999999999997,0,,/disk0/home/gaohaoyu/multi-agent-sys_2/outputs/raw/random/0099_gsm8k_61_solver.json,,1773655153
100,gsm8k_1030,gsm8k,random,gemini25flash,google/gemini-2.5-flash,gen-1773655153-8R2gfpm0SneVhTGfzrGR,1,ok,1,210,1227,1437,5581,0.0031305,usage_estimate,,0.0031305,0,,/disk0/home/gaohaoyu/multi-agent-sys_2/outputs/raw/random/0100_gsm8k_1030_solver.json,,1773655167
101,humaneval_HumanEval/33,humaneval,random,deepseek_r1,deepseek/deepseek-r1-0528,gen-1773655168-1ymN1Sh8KY0n8ejuI0KV,0,syntax_error,0,223,1620,1843,58804,0.0035833499999999995,usage_estimate,,0.0035833499999999995,0,,/disk0/home/gaohaoyu/multi-agent-sys_2/outputs/raw/random/0101_humaneval_HumanEval_33_solver.json,,1773655236
102,gsm8k_311,gsm8k,random,haiku45,anthropic/claude-4.5-haiku-20251001,gen-1773655236-Wkt4Cs1OGkL8vG89Evj8,1,ok,1,175,289,464,3793,0.00162,usage_estimate,,0.00162,0,,/disk0/home/gaohaoyu/multi-agent-sys_2/outputs/raw/random/0102_gsm8k_311_solver.json,,1773655248
103,gsm8k_1210,gsm8k,random,gemini25flash,google/gemini-2.5-flash,gen-1773655249-a0loxthbW9tU5IBSJLwK,1,ok,1,150,262,412,2347,0.0007000000000000001,usage_estimate,,0.0007000000000000001,0,,/disk0/home/gaohaoyu/multi-agent-sys_2/outputs/raw/random/0103_gsm8k_1210_solver.json,,1773655259
104,gsm8k_594,gsm8k,random,deepseek_r1,deepseek/deepseek-r1-0528,gen-1773655260-sVSYILefC8qRKEu6NpWO,1,ok,1,130,1015,1145,28758,0.00224075,usage_estimate,,0.00224075,0,,/disk0/home/gaohaoyu/multi-agent-sys_2/outputs/raw/random/0104_gsm8k_594_solver.json,,1773655297
105,gsm8k_914,gsm8k,random,deepseek_r1,deepseek/deepseek-r1-0528,gen-1773655298-BO6M4gJDag8k8dDEmyTx,1,ok,1,133,1209,1342,46734,0.0026592,usage_estimate,,0.0026592,0,,/disk0/home/gaohaoyu/multi-agent-sys_2/outputs/raw/random/0105_gsm8k_914_solver.json,,1773655353
106,gsm8k_928,gsm8k,random,deepseek_r1,deepseek/deepseek-r1-0528,gen-1773655354-axlRL1UkQ3dvlH3sh3Rk,1,ok,1,170,1546,1716,29088,0.0034004,usage_estimate,,0.0034004,0,,/disk0/home/gaohaoyu/multi-agent-sys_2/outputs/raw/random/0106_gsm8k_928_solver.json,,1773655392
107,gsm8k_656,gsm8k,random,gemini25flash,google/gemini-2.5-flash,gen-1773655392-0VfY3D7H5Ws93IG1YSLY,1,ok,1,146,341,487,3385,0.0008962999999999999,usage_estimate,,0.0008962999999999999,0,,/disk0/home/gaohaoyu/multi-agent-sys_2/outputs/raw/random/0107_gsm8k_656_solver.json,,1773655404
108,humaneval_HumanEval/107,humaneval,random,qwen3_235b,qwen/qwen3-235b-a22b-07-25,gen-1773655405-mNB4gQWxmY3j2F7ICeEi,1,ok,1,288,98,386,4893,3.0248e-05,usage_estimate,,3.0248e-05,0,,/disk0/home/gaohaoyu/multi-agent-sys_2/outputs/raw/random/0108_humaneval_HumanEval_107_solver.json,,1773655419
109,gsm8k_579,gsm8k,random,qwen3_235b,qwen/qwen3-235b-a22b-07-25,gen-1773655419-dwPYF4wbzPspM3PlAWfe,1,ok,1,123,56,179,1919,1.4333e-05,usage_estimate,,1.4333e-05,0,,/disk0/home/gaohaoyu/multi-agent-sys_2/outputs/raw/random/0109_gsm8k_579_solver.json,,1773655430
110,gsm8k_45,gsm8k,random,qwen3_235b,qwen/qwen3-235b-a22b-07-25,gen-1773655430-6EXpzzNHhEtWwaiO1QrB,1,ok,1,191,168,359,10293,3.0360999999999996e-05,usage_estimate,,3.0360999999999996e-05,0,,/disk0/home/gaohaoyu/multi-agent-sys_2/outputs/raw/random/0110_gsm8k_45_solver.json,,1773655449
111,gsm8k_819,gsm8k,random,haiku45,anthropic/claude-4.5-haiku-20251001,gen-1773655450-MCUrK5wb04sDNf3JXCdD,1,ok,1,186,290,476,4034,0.0016359999999999999,usage_estimate,,0.0016359999999999999,0,,/disk0/home/gaohaoyu/multi-agent-sys_2/outputs/raw/random/0111_gsm8k_819_solver.json,,1773655463
112,gsm8k_520,gsm8k,random,deepseek_r1,deepseek/deepseek-r1-0528,gen-1773655463-c8EKCeN74wnV4W1m6nw3,1,ok,1,191,950,1141,79884,0.00212845,usage_estimate,,0.00212845,0,,/disk0/home/gaohaoyu/multi-agent-sys_2/outputs/raw/random/0112_gsm8k_520_solver.json,,1773655552
113,gsm8k_1194,gsm8k,random,gemini25flash,google/gemini-2.5-flash,gen-1773655553-yRCnYL2K5X5SjZ274sZ8,1,ok,1,145,257,402,2754,0.0006860000000000001,usage_estimate,,0.0006860000000000001,0,,/disk0/home/gaohaoyu/multi-agent-sys_2/outputs/raw/random/0113_gsm8k_1194_solver.json,,1773655566
114,gsm8k_913,gsm8k,random,haiku45,anthropic/claude-4.5-haiku-20251001,gen-1773655566-HqeFf7yJN5VTwf28o2wr,1,ok,1,209,456,665,4055,0.002489,usage_estimate,,0.002489,0,,/disk0/home/gaohaoyu/multi-agent-sys_2/outputs/raw/random/0114_gsm8k_913_solver.json,,1773655581
115,gsm8k_1309,gsm8k,random,qwen3_235b,qwen/qwen3-235b-a22b-07-25,gen-1773655581-3uB5BdRZ2UagSRGvCWuu,0,wrong_answer,1,158,152,310,10042,2.6418e-05,usage_estimate,,2.6418e-05,0,,/disk0/home/gaohaoyu/multi-agent-sys_2/outputs/raw/random/0115_gsm8k_1309_solver.json,,1773655600
116,humaneval_HumanEval/81,humaneval,random,qwen3_235b,qwen/qwen3-235b-a22b-07-25,gen-1773655600-wgIkH6v2XM9bli56AObM,1,ok,1,344,231,575,13345,4.7524e-05,usage_estimate,,4.7524e-05,0,,/disk0/home/gaohaoyu/multi-agent-sys_2/outputs/raw/random/0116_humaneval_HumanEval_81_solver.json,,1773655623
117,gsm8k_502,gsm8k,random,haiku45,anthropic/claude-4.5-haiku-20251001,gen-1773655624-rZZvF0g5EKAD2ISbkck6,1,ok,1,210,259,469,3687,0.0015050000000000003,usage_estimate,,0.0015050000000000003,0,,/disk0/home/gaohaoyu/multi-agent-sys_2/outputs/raw/random/0117_gsm8k_502_solver.json,,1773655637
118,gsm8k_288,gsm8k,random,gemini25flash,google/gemini-2.5-flash,gen-1773655638-WvgfBf8X6iwjJuF7Wwie,1,ok,1,148,676,824,4947,0.0017343999999999999,usage_estimate,,0.0017343999999999999,0,,/disk0/home/gaohaoyu/multi-agent-sys_2/outputs/raw/random/0118_gsm8k_288_solver.json,,1773655652
119,gsm8k_572,gsm8k,random,qwen3_235b,qwen/qwen3-235b-a22b-07-25,gen-1773655652-lNQt6UOdOAs1rxINPBT9,1,ok,1,168,108,276,5295,2.2727999999999997e-05,usage_estimate,,2.2727999999999997e-05,0,,/disk0/home/gaohaoyu/multi-agent-sys_2/outputs/raw/random/0119_gsm8k_572_solver.json,,1773655667
120,gsm8k_401,gsm8k,random,qwen3_235b,qwen/qwen3-235b-a22b-07-25,gen-1773655667-JrOM3Bf4jWsZ48T5HVaK,1,ok,1,136,159,295,3230,2.5555999999999997e-05,usage_estimate,,2.5555999999999997e-05,0,,/disk0/home/gaohaoyu/multi-agent-sys_2/outputs/raw/random/0120_gsm8k_401_solver.json,,1773655681
121,gsm8k_1099,gsm8k,random,haiku45,anthropic/claude-4.5-haiku-20251001,gen-1773655682-4Ii2iLlqArl5TXIXEJYl,1,ok,1,209,277,486,3487,0.001594,usage_estimate,,0.001594,0,,/disk0/home/gaohaoyu/multi-agent-sys_2/outputs/raw/random/0121_gsm8k_1099_solver.json,,1773655694
122,gsm8k_1258,gsm8k,random,deepseek_r1,deepseek/deepseek-r1-0528,gen-1773655694-UyDQRglIZ6CgNKNj3TJt,1,ok,1,131,1281,1412,40497,0.0028131,usage_estimate,,0.0028131,0,,/disk0/home/gaohaoyu/multi-agent-sys_2/outputs/raw/random/0122_gsm8k_1258_solver.json,,1773655745
123,humaneval_HumanEval/140,humaneval,random,deepseek_r1,deepseek/deepseek-r1-0528,gen-1773655746-jrDoLW7o8KV8lkSZvrgz,1,ok,1,180,1242,1422,37899,0.0027513,usage_estimate,,0.0027513,0,,/disk0/home/gaohaoyu/multi-agent-sys_2/outputs/raw/random/0123_humaneval_HumanEval_140_solver.json,,1773655793
124,gsm8k_163,gsm8k,random,haiku45,anthropic/claude-4.5-haiku-20251001,gen-1773655794-1aVEHFtjexRZUxdHb0Ss,1,ok,1,195,352,547,5274,0.0019549999999999997,usage_estimate,,0.0019549999999999997,0,,/disk0/home/gaohaoyu/multi-agent-sys_2/outputs/raw/random/0124_gsm8k_163_solver.json,,1773655807
125,humaneval_HumanEval/99,humaneval,random,gemini25flash,google/gemini-2.5-flash,gen-1773655808-PmwTXB75vXdpgoDxeATW,1,ok,1,239,1157,1396,6043,0.0029642,usage_estimate,,0.0029642,0,,/disk0/home/gaohaoyu/multi-agent-sys_2/outputs/raw/random/0125_humaneval_HumanEval_99_solver.json,,1773655823
126,gsm8k_305,gsm8k,random,gemini25flash,google/gemini-2.5-flash,gen-1773655824-ket3xyzQEZDAsCT8kjmP,1,ok,1,116,283,399,2920,0.0007423,usage_estimate,,0.0007423,0,,/disk0/home/gaohaoyu/multi-agent-sys_2/outputs/raw/random/0126_gsm8k_305_solver.json,,1773655835
127,gsm8k_705,gsm8k,random,deepseek_r1,deepseek/deepseek-r1-0528,gen-1773655836-Tpq42rrVgTa8C5P3O0zE,1,ok,1,127,446,573,16565,0.00101605,usage_estimate,,0.00101605,0,,/disk0/home/gaohaoyu/multi-agent-sys_2/outputs/raw/random/0127_gsm8k_705_solver.json,,1773655862
128,gsm8k_6,gsm8k,random,deepseek_r1,deepseek/deepseek-r1-0528,gen-1773655862-1A2NnvtEeBMxfvxVBMyt,1,ok,1,133,445,578,19720,0.0010165999999999999,usage_estimate,,0.0010165999999999999,0,,/disk0/home/gaohaoyu/multi-agent-sys_2/outputs/raw/random/0128_gsm8k_6_solver.json,,1773655890
129,gsm8k_922,gsm8k,random,gemini25flash,google/gemini-2.5-flash,gen-1773655892-bxAsDfWpHBhoWpFVwjSY,1,ok,1,127,396,523,3835,0.0010280999999999999,usage_estimate,,0.0010280999999999999,0,,/disk0/home/gaohaoyu/multi-agent-sys_2/outputs/raw/random/0129_gsm8k_922_solver.json,,1773655905
130,gsm8k_989,gsm8k,random,qwen3_235b,qwen/qwen3-235b-a22b-07-25,gen-1773655905-kFNh8xcX6M1rEGulwCR6,1,ok,1,133,185,318,9032,2.7943e-05,usage_estimate,,2.7943e-05,0,,/disk0/home/gaohaoyu/multi-agent-sys_2/outputs/raw/random/0130_gsm8k_989_solver.json,,1773655923
131,humaneval_HumanEval/122,humaneval,random,qwen3_235b,qwen/qwen3-235b-a22b-07-25,gen-1773655923-Qq21E7nbJFSrB9lSmYEH,1,ok,1,211,41,252,2854,1.9081e-05,usage_estimate,,1.9081e-05,0,,/disk0/home/gaohaoyu/multi-agent-sys_2/outputs/raw/random/0131_humaneval_HumanEval_122_solver.json,,1773655935
132,gsm8k_603,gsm8k,random,qwen3_235b,qwen/qwen3-235b-a22b-07-25,gen-1773655936-XmWXCVADYouxa64zooFl,1,ok,1,159,208,367,4644,3.2089e-05,usage_estimate,,3.2089e-05,0,,/disk0/home/gaohaoyu/multi-agent-sys_2/outputs/raw/random/0132_gsm8k_603_solver.json,,1773655949
133,gsm8k_990,gsm8k,random,haiku45,anthropic/claude-4.5-haiku-20251001,gen-1773655950-Z3ia9gtVA5dQenVO97jC,1,ok,1,231,398,629,4170,0.002221,usage_estimate,,0.002221,0,,/disk0/home/gaohaoyu/multi-agent-sys_2/outputs/raw/random/0133_gsm8k_990_solver.json,,1773655963
134,gsm8k_1226,gsm8k,random,deepseek_r1,deepseek/deepseek-r1-0528,gen-1773655963-hCgQCATkRraeZ9QHS73m,1,ok,1,156,1157,1313,77962,0.0025577499999999997,usage_estimate,,0.0025577499999999997,0,,/disk0/home/gaohaoyu/multi-agent-sys_2/outputs/raw/random/0134_gsm8k_1226_solver.json,,1773656050
135,humaneval_HumanEval/160,humaneval,random,deepseek_r1,deepseek/deepseek-r1-0528,gen-1773656051-R2zWp33oI5OmLtnZUSZn,1,ok,1,276,3124,3400,34531,0.006840799999999999,usage_estimate,,0.006840799999999999,0,,/disk0/home/gaohaoyu/multi-agent-sys_2/outputs/raw/random/0135_humaneval_HumanEval_160_solver.json,,1773656095
136,humaneval_HumanEval/162,humaneval,random,gemini25flash,google/gemini-2.5-flash,gen-1773656095-phLvzQYGxzfAJIOzhoGG,1,ok,1,164,284,448,2208,0.0007592,usage_estimate,,0.0007592,0,,/disk0/home/gaohaoyu/multi-agent-sys_2/outputs/raw/random/0136_humaneval_HumanEval_162_solver.json,,1773656106
137,gsm8k_874,gsm8k,random,deepseek_r1,deepseek/deepseek-r1-0528,gen-1773656107-q6bHQRjgyITVPdNUva0P,1,ok,1,126,744,870,10367,0.0016562999999999999,usage_estimate,,0.0016562999999999999,0,,/disk0/home/gaohaoyu/multi-agent-sys_2/outputs/raw/random/0137_gsm8k_874_solver.json,,1773656126
138,humaneval_HumanEval/146,humaneval,random,deepseek_r1,deepseek/deepseek-r1-0528,gen-1773656126-uBzFNo1zdpfVdwQ2XhUw,1,ok,1,189,1601,1790,37728,0.0035272,usage_estimate,,0.0035272,0,,/disk0/home/gaohaoyu/multi-agent-sys_2/outputs/raw/random/0138_humaneval_HumanEval_146_solver.json,,1773656173
139,humaneval_HumanEval/4,humaneval,random,qwen3_235b,qwen/qwen3-235b-a22b-07-25,gen-1773656174-R9SJ6xT6HwTIb3cdOG27,1,ok,1,191,46,237,3421,1.8160999999999998e-05,usage_estimate,,1.8160999999999998e-05,0,,/disk0/home/gaohaoyu/multi-agent-sys_2/outputs/raw/random/0139_humaneval_HumanEval_4_solver.json,,1773656187
140,gsm8k_1154,gsm8k,random,deepseek_r1,deepseek/deepseek-r1-0528,gen-1773656188-JxGxg5uxs4jLhNvKDcjf,1,ok,1,128,1264,1392,30435,0.0027752,usage_estimate,,0.0027752,0,,/disk0/home/gaohaoyu/multi-agent-sys_2/outputs/raw/random/0140_gsm8k_1154_solver.json,,1773656227
141,gsm8k_818,gsm8k,random,deepseek_r1,deepseek/deepseek-r1-0528,gen-1773656229-7TmvMrwstHZOVZYxK2nQ,1,ok,1,148,980,1128,11019,0.0021736,usage_estimate,,0.0021736,0,,/disk0/home/gaohaoyu/multi-agent-sys_2/outputs/raw/random/0141_gsm8k_818_solver.json,,1773656248
142,gsm8k_505,gsm8k,random,haiku45,anthropic/claude-4.5-haiku-20251001,gen-1773656249-AC4hsXnnolAdgj27pOB7,1,ok,1,256,484,740,4846,0.002676,usage_estimate,,0.002676,0,,/disk0/home/gaohaoyu/multi-agent-sys_2/outputs/raw/random/0142_gsm8k_505_solver.json,,1773656263
143,gsm8k_1147,gsm8k,random,gemini25flash,google/gemini-2.5-flash,gen-1773656263-QvdpiLiaqwDiXCRjn2uv,1,ok,1,193,653,846,4198,0.0016904,usage_estimate,,0.0016904,0,,/disk0/home/gaohaoyu/multi-agent-sys_2/outputs/raw/random/0143_gsm8k_1147_solver.json,,1773656278
144,gsm8k_762,gsm8k,random,gemini25flash,google/gemini-2.5-flash,gen-1773656278-I98jIq8GGWqIK4oFGuU4,1,ok,1,145,239,384,2479,0.0006410000000000001,usage_estimate,,0.0006410000000000001,0,,/disk0/home/gaohaoyu/multi-agent-sys_2/outputs/raw/random/0144_gsm8k_762_solver.json,,1773656289
145,gsm8k_233,gsm8k,random,gemini25flash,google/gemini-2.5-flash,gen-1773656290-t2rYiKEnDr2fqAXL9aG6,1,ok,1,141,337,478,2796,0.0008848,usage_estimate,,0.0008848,0,,/disk0/home/gaohaoyu/multi-agent-sys_2/outputs/raw/random/0145_gsm8k_233_solver.json,,1773656301
146,gsm8k_449,gsm8k,random,deepseek_r1,deepseek/deepseek-r1-0528,gen-1773656302-Od4B4PpiAyOpguA1KSrJ,1,ok,1,138,1161,1299,64762,0.0025582499999999998,usage_estimate,,0.0025582499999999998,0,,/disk0/home/gaohaoyu/multi-agent-sys_2/outputs/raw/random/0146_gsm8k_449_solver.json,,1773656378
147,gsm8k_1144,gsm8k,random,haiku45,anthropic/claude-4.5-haiku-20251001,gen-1773656379-Ofn6l7s8icUV2NoLn1Nv,1,ok,1,186,365,551,6299,0.0020109999999999998,usage_estimate,,0.0020109999999999998,0,,/disk0/home/gaohaoyu/multi-agent-sys_2/outputs/raw/random/0147_gsm8k_1144_solver.json,,1773656394
148,gsm8k_335,gsm8k,random,gemini25flash,google/gemini-2.5-flash,gen-1773656394-m82jAIKOPEYN8UrAZadE,1,ok,1,141,436,577,3298,0.0011323000000000001,usage_estimate,,0.0011323000000000001,0,,/disk0/home/gaohaoyu/multi-agent-sys_2/outputs/raw/random/0148_gsm8k_335_solver.json,,1773656407
149,gsm8k_408,gsm8k,random,haiku45,anthropic/claude-4.5-haiku-20251001,gen-1773656407-vNzFtVumiriv2AQDSJZy,1,ok,1,222,438,660,3940,0.002412,usage_estimate,,0.002412,0,,/disk0/home/gaohaoyu/multi-agent-sys_2/outputs/raw/random/0149_gsm8k_408_solver.json,,1773656421
150,humaneval_HumanEval/88,humaneval,random,qwen3_235b,qwen/qwen3-235b-a22b-07-25,gen-1773656422-ecd3CYFhw3bB7hAcnqcv,1,ok,1,277,78,355,4689,2.7467e-05,usage_estimate,,2.7467e-05,0,,/disk0/home/gaohaoyu/multi-agent-sys_2/outputs/raw/random/0150_humaneval_HumanEval_88_solver.json,,1773656436
151,humaneval_HumanEval/10,humaneval,random,gemini25flash,google/gemini-2.5-flash,gen-1773656436-PFKMBh9gCkAtRjEMRQku,1,ok,1,222,1132,1354,6747,0.0028966,usage_estimate,,0.0028966,0,,/disk0/home/gaohaoyu/multi-agent-sys_2/outputs/raw/random/0151_humaneval_HumanEval_10_solver.json,,1773656454
152,gsm8k_1220,gsm8k,random,qwen3_235b,qwen/qwen3-235b-a22b-07-25,gen-1773656454-U4xmIg8xzZluol9rIl9t,1,ok,1,142,114,256,8907,2.1482000000000002e-05,usage_estimate,,2.1482000000000002e-05,0,,/disk0/home/gaohaoyu/multi-agent-sys_2/outputs/raw/random/0152_gsm8k_1220_solver.json,,1773656473
153,gsm8k_328,gsm8k,random,gemini25flash,google/gemini-2.5-flash,gen-1773656474-6fhACalMIYGJFRRPNYA1,1,ok,1,137,345,482,3169,0.0009036,usage_estimate,,0.0009036,0,,/disk0/home/gaohaoyu/multi-agent-sys_2/outputs/raw/random/0153_gsm8k_328_solver.json,,1773656485
154,gsm8k_211,gsm8k,random,gemini25flash,google/gemini-2.5-flash,gen-1773656486-eyf2svMkLAJe16cLZ5Gn,1,ok,1,147,850,997,4353,0.0021690999999999998,usage_estimate,,0.0021690999999999998,0,,/disk0/home/gaohaoyu/multi-agent-sys_2/outputs/raw/random/0154_gsm8k_211_solver.json,,1773656499
155,humaneval_HumanEval/77,humaneval,random,gemini25flash,google/gemini-2.5-flash,gen-1773656499-hygIXZz2hNkXDnJQTTES,1,ok,1,188,1074,1262,6218,0.0027414,usage_estimate,,0.0027414,0,,/disk0/home/gaohaoyu/multi-agent-sys_2/outputs/raw/random/0155_humaneval_HumanEval_77_solver.json,,1773656515
156,gsm8k_680,gsm8k,random,haiku45,anthropic/claude-4.5-haiku-20251001,gen-1773656515-GO6gJ0u72id7Vf7fhGST,1,ok,1,188,289,477,3835,0.001633,usage_estimate,,0.001633,0,,/disk0/home/gaohaoyu/multi-agent-sys_2/outputs/raw/random/0156_gsm8k_680_solver.json,,1773656529
157,gsm8k_307,gsm8k,random,qwen3_235b,qwen/qwen3-235b-a22b-07-25,gen-1773656529-9pk8fDnulY689qnVYKjr,1,ok,1,154,205,359,2218,3.1434e-05,usage_estimate,,3.1434e-05,0,,/disk0/home/gaohaoyu/multi-agent-sys_2/outputs/raw/random/0157_gsm8k_307_solver.json,,1773656540
158,gsm8k_929,gsm8k,random,haiku45,anthropic/claude-4.5-haiku-20251001,gen-1773656541-eONuFKv1ORN5phRD1RGm,1,ok,1,179,233,412,3108,0.001344,usage_estimate,,0.001344,0,,/disk0/home/gaohaoyu/multi-agent-sys_2/outputs/raw/random/0158_gsm8k_929_solver.json,,1773656553
159,gsm8k_77,gsm8k,random,deepseek_r1,deepseek/deepseek-r1-0528,gen-1773656554-A2nRnAyAZnPHIlz9pohE,1,ok,1,135,1570,1705,50824,0.00343625,usage_estimate,,0.00343625,0,,/disk0/home/gaohaoyu/multi-agent-sys_2/outputs/raw/random/0159_gsm8k_77_solver.json,,1773656614
160,gsm8k_40,gsm8k,random,gemini25flash,google/gemini-2.5-flash,gen-1773656615-hFTnRPFSt3kUn1B4mnwK,1,ok,1,139,952,1091,7507,0.0024217,usage_estimate,,0.0024217,0,,/disk0/home/gaohaoyu/multi-agent-sys_2/outputs/raw/random/0160_gsm8k_40_solver.json,,1773656631
161,gsm8k_29,gsm8k,random,haiku45,anthropic/claude-4.5-haiku-20251001,gen-1773656632-s22sMlBoYwIxJ7ayQfzL,1,ok,1,203,438,641,4067,0.002393,usage_estimate,,0.002393,0,,/disk0/home/gaohaoyu/multi-agent-sys_2/outputs/raw/random/0161_gsm8k_29_solver.json,,1773656646
162,gsm8k_536,gsm8k,random,qwen3_235b,qwen/qwen3-235b-a22b-07-25,gen-1773656647-OSY8Ss2qSljeIqGMP9SM,1,ok,1,132,68,200,7269,1.6172e-05,usage_estimate,,1.6172e-05,0,,/disk0/home/gaohaoyu/multi-agent-sys_2/outputs/raw/random/0162_gsm8k_536_solver.json,,1773656665
163,gsm8k_193,gsm8k,random,deepseek_r1,deepseek/deepseek-r1-0528,gen-1773656665-5VyiQJXulWdO75UV8odC,1,ok,1,212,1109,1321,38646,0.0024797499999999997,usage_estimate,,0.0024797499999999997,0,,/disk0/home/gaohaoyu/multi-agent-sys_2/outputs/raw/random/0163_gsm8k_193_solver.json,,1773656713
164,humaneval_HumanEval/133,humaneval,random,deepseek_r1,deepseek/deepseek-r1-0528,gen-1773656713-JaI7vUxOgOhxqqrOlgGZ,0,syntax_error,0,227,6965,7192,220086,0.015076899999999999,usage_estimate,,0.015076899999999999,0,,/disk0/home/gaohaoyu/multi-agent-sys_2/outputs/raw/random/0164_humaneval_HumanEval_133_solver.json,,1773656942
165,gsm8k_1018,gsm8k,random,deepseek_r1,deepseek/deepseek-r1-0528,gen-1773656943-a1lxeiV3xMguLSo0gg70,1,ok,1,138,542,680,7102,0.0012273999999999998,usage_estimate,,0.0012273999999999998,0,,/disk0/home/gaohaoyu/multi-agent-sys_2/outputs/raw/random/0165_gsm8k_1018_solver.json,,1773656959
166,gsm8k_911,gsm8k,random,qwen3_235b,qwen/qwen3-235b-a22b-07-25,gen-1773656959-aqbMc8ytwLZi3kpfE3Pc,1,ok,1,161,87,248,9247,2.0131e-05,usage_estimate,,2.0131e-05,0,,/disk0/home/gaohaoyu/multi-agent-sys_2/outputs/raw/random/0166_gsm8k_911_solver.json,,1773656978
167,gsm8k_580,gsm8k,random,haiku45,anthropic/claude-4.5-haiku-20251001,gen-1773656979-2zt9qRG6eHohVfuYLutN,1,ok,1,190,440,630,4827,0.00239,usage_estimate,,0.00239,0,,/disk0/home/gaohaoyu/multi-agent-sys_2/outputs/raw/random/0167_gsm8k_580_solver.json,,1773656992
168,gsm8k_866,gsm8k,random,qwen3_235b,qwen/qwen3-235b-a22b-07-25,gen-1773656993-6Be7tKxzaEpy2cq3EnC0,1,ok,1,146,191,337,11448,2.9466000000000002e-05,usage_estimate,,2.9466000000000002e-05,0,,/disk0/home/gaohaoyu/multi-agent-sys_2/outputs/raw/random/0168_gsm8k_866_solver.json,,1773657013
169,gsm8k_1127,gsm8k,random,qwen3_235b,qwen/qwen3-235b-a22b-07-25,gen-1773657014-hibOoKIbC2612s82Ydnv,1,ok,1,183,157,340,7890,2.8692999999999998e-05,usage_estimate,,2.8692999999999998e-05,0,,/disk0/home/gaohaoyu/multi-agent-sys_2/outputs/raw/random/0169_gsm8k_1127_solver.json,,1773657031
170,humaneval_HumanEval/86,humaneval,random,haiku45,anthropic/claude-4.5-haiku-20251001,gen-1773657032-aN3yZgrrYsh2VFcGDsfu,1,ok,1,259,624,883,5571,0.003379,usage_estimate,,0.003379,0,,/disk0/home/gaohaoyu/multi-agent-sys_2/outputs/raw/random/0170_humaneval_HumanEval_86_solver.json,,1773657047
171,gsm8k_1034,gsm8k,random,haiku45,anthropic/claude-4.5-haiku-20251001,gen-1773657047-wOepFHv7xed7uGT7b93Z,1,ok,1,174,195,369,3400,0.0011489999999999998,usage_estimate,,0.0011489999999999998,0,,/disk0/home/gaohaoyu/multi-agent-sys_2/outputs/raw/random/0171_gsm8k_1034_solver.json,,1773657059
172,humaneval_HumanEval/159,humaneval,random,haiku45,anthropic/claude-4.5-haiku-20251001,gen-1773657060-u2oTpoLvdhF6YAo91SbU,1,ok,1,424,407,831,5746,0.0024590000000000002,usage_estimate,,0.0024590000000000002,0,,/disk0/home/gaohaoyu/multi-agent-sys_2/outputs/raw/random/0172_humaneval_HumanEval_159_solver.json,,1773657076
173,gsm8k_614,gsm8k,random,gemini25flash,google/gemini-2.5-flash,gen-1773657077-TwYaVJsMnX9P5jlAkZPW,1,ok,1,135,399,534,2693,0.0010379999999999999,usage_estimate,,0.0010379999999999999,0,,/disk0/home/gaohaoyu/multi-agent-sys_2/outputs/raw/random/0173_gsm8k_614_solver.json,,1773657089
174,humaneval_HumanEval/31,humaneval,random,haiku45,anthropic/claude-4.5-haiku-20251001,gen-1773657090-sIWsW6bsasSYTpXwvLze,1,ok,1,226,780,1006,11871,0.0041259999999999995,usage_estimate,,0.0041259999999999995,0,,/disk0/home/gaohaoyu/multi-agent-sys_2/outputs/raw/random/0174_humaneval_HumanEval_31_solver.json,,1773657112
175,gsm8k_314,gsm8k,random,gemini25flash,google/gemini-2.5-flash,gen-1773657113-l6N5HKxWepWKUlzF0Fdw,1,ok,1,145,870,1015,6210,0.0022185,usage_estimate,,0.0022185,0,,/disk0/home/gaohaoyu/multi-agent-sys_2/outputs/raw/random/0175_gsm8k_314_solver.json,,1773657128
176,humaneval_HumanEval/55,humaneval,random,haiku45,anthropic/claude-4.5-haiku-20251001,gen-1773657130-nX2MPh16UOvOLLKebbvI,1,ok,1,170,759,929,11782,0.003965,usage_estimate,,0.003965,0,,/disk0/home/gaohaoyu/multi-agent-sys_2/outputs/raw/random/0176_humaneval_HumanEval_55_solver.json,,1773657150
177,gsm8k_357,gsm8k,random,qwen3_235b,qwen/qwen3-235b-a22b-07-25,gen-1773657151-oek3F79b89RFj1QK56Td,1,ok,1,180,290,470,4330,4.1779999999999996e-05,usage_estimate,,4.1779999999999996e-05,0,,/disk0/home/gaohaoyu/multi-agent-sys_2/outputs/raw/random/0177_gsm8k_357_solver.json,,1773657176
178,gsm8k_48,gsm8k,random,haiku45,anthropic/claude-4.5-haiku-20251001,gen-1773657176-EGoGxRP7WVD5lCzyeC75,1,ok,1,173,250,423,3735,0.001423,usage_estimate,,0.001423,0,,/disk0/home/gaohaoyu/multi-agent-sys_2/outputs/raw/random/0178_gsm8k_48_solver.json,,1773657191
179,humaneval_HumanEval/102,humaneval,random,qwen3_235b,qwen/qwen3-235b-a22b-07-25,gen-1773657192-WJ3uD5nG1TgDMP2eX0Z3,1,ok,1,173,51,224,2510,1.7383e-05,usage_estimate,,1.7383e-05,0,,/disk0/home/gaohaoyu/multi-agent-sys_2/outputs/raw/random/0179_humaneval_HumanEval_102_solver.json,,1773657204
180,humaneval_HumanEval/150,humaneval,random,deepseek_r1,deepseek/deepseek-r1-0528,gen-1773657205-fT8rONwembIWnBTPYy7H,0,syntax_error,0,155,597,752,19559,0.0013532999999999998,usage_estimate,,0.0013532999999999998,0,,/disk0/home/gaohaoyu/multi-agent-sys_2/outputs/raw/random/0180_humaneval_HumanEval_150_solver.json,,1773657235
181,gsm8k_830,gsm8k,random,gemini25flash,google/gemini-2.5-flash,gen-1773657236-cnsOkMgOa0zOvyQdWcM3,1,ok,1,155,648,803,4204,0.0016665000000000002,usage_estimate,,0.0016665000000000002,0,,/disk0/home/gaohaoyu/multi-agent-sys_2/outputs/raw/random/0181_gsm8k_830_solver.json,,1773657249
182,gsm8k_247,gsm8k,random,deepseek_r1,deepseek/deepseek-r1-0528,gen-1773657250-55eUhpvGl9mIcnA7PC6n,1,ok,1,165,621,786,22442,0.0014094,usage_estimate,,0.0014094,0,,/disk0/home/gaohaoyu/multi-agent-sys_2/outputs/raw/random/0182_gsm8k_247_solver.json,,1773657281
183,gsm8k_873,gsm8k,random,gemini25flash,google/gemini-2.5-flash,gen-1773657282-szcRZEwtS38CHxL0Z5Kx,0,wrong_answer,1,137,329,466,2723,0.0008635999999999998,usage_estimate,,0.0008635999999999998,0,,/disk0/home/gaohaoyu/multi-agent-sys_2/outputs/raw/random/0183_gsm8k_873_solver.json,,1773657295
184,gsm8k_167,gsm8k,random,qwen3_235b,qwen/qwen3-235b-a22b-07-25,gen-1773657296-bCxHIrE6F3ekFMp2g9nj,1,ok,1,127,205,332,7380,2.9517e-05,usage_estimate,,2.9517e-05,0,,/disk0/home/gaohaoyu/multi-agent-sys_2/outputs/raw/random/0184_gsm8k_167_solver.json,,1773657312
185,gsm8k_286,gsm8k,random,haiku45,anthropic/claude-4.5-haiku-20251001,gen-1773657312-LKgQqMQnYJkqJyifi5dZ,1,ok,1,169,246,415,3507,0.001399,usage_estimate,,0.001399,0,,/disk0/home/gaohaoyu/multi-agent-sys_2/outputs/raw/random/0185_gsm8k_286_solver.json,,1773657325
186,gsm8k_232,gsm8k,random,qwen3_235b,qwen/qwen3-235b-a22b-07-25,gen-1773657325-aCBD8TgELK34xAh4bunW,1,ok,1,137,106,243,5537,2.0326999999999997e-05,usage_estimate,,2.0326999999999997e-05,0,,/disk0/home/gaohaoyu/multi-agent-sys_2/outputs/raw/random/0186_gsm8k_232_solver.json,,1773657339
187,humaneval_HumanEval/3,humaneval,random,haiku45,anthropic/claude-4.5-haiku-20251001,gen-1773657340-YRHM3VGYv4VtRqcxhwto,1,ok,1,236,443,679,4310,0.002451,usage_estimate,,0.002451,0,,/disk0/home/gaohaoyu/multi-agent-sys_2/outputs/raw/random/0187_humaneval_HumanEval_3_solver.json,,1773657353
188,humaneval_HumanEval/40,humaneval,random,qwen3_235b,qwen/qwen3-235b-a22b-07-25,gen-1773657353-zw6Bpi9St49OyHTCEU5h,1,ok,1,233,71,304,11590,2.3642999999999997e-05,usage_estimate,,2.3642999999999997e-05,0,,/disk0/home/gaohaoyu/multi-agent-sys_2/outputs/raw/random/0188_humaneval_HumanEval_40_solver.json,,1773657374
189,gsm8k_89,gsm8k,random,haiku45,anthropic/claude-4.5-haiku-20251001,gen-1773657374-yozz25gs1XdbzLzTAhJg,1,ok,1,186,552,738,5065,0.002946,usage_estimate,,0.002946,0,,/disk0/home/gaohaoyu/multi-agent-sys_2/outputs/raw/random/0189_gsm8k_89_solver.json,,1773657388
190,gsm8k_551,gsm8k,random,gemini25flash,google/gemini-2.5-flash,gen-1773657388-f1ng1sKKSzRqbOvY0Qdk,1,ok,1,151,154,305,3402,0.00043030000000000005,usage_estimate,,0.00043030000000000005,0,,/disk0/home/gaohaoyu/multi-agent-sys_2/outputs/raw/random/0190_gsm8k_551_solver.json,,1773657401
191,gsm8k_881,gsm8k,random,gemini25flash,google/gemini-2.5-flash,gen-1773657401-MdKJIZKsEmW9yCSZDEU2,1,ok,1,119,384,503,2772,0.0009957,usage_estimate,,0.0009957,0,,/disk0/home/gaohaoyu/multi-agent-sys_2/outputs/raw/random/0191_gsm8k_881_solver.json,,1773657414
192,gsm8k_727,gsm8k,random,qwen3_235b,qwen/qwen3-235b-a22b-07-25,gen-1773657415-X2g64c0vjqmiI2wAMPB7,1,ok,1,177,172,349,10637,2.9767e-05,usage_estimate,,2.9767e-05,0,,/disk0/home/gaohaoyu/multi-agent-sys_2/outputs/raw/random/0192_gsm8k_727_solver.json,,1773657435
193,gsm8k_768,gsm8k,random,deepseek_r1,deepseek/deepseek-r1-0528,gen-1773657435-tmsvD8N44933nt6vzYON,0,wrong_answer,1,129,3177,3306,27779,0.0068886,usage_estimate,,0.0068886,0,,/disk0/home/gaohaoyu/multi-agent-sys_2/outputs/raw/random/0193_gsm8k_768_solver.json,,1773657472
194,gsm8k_553,gsm8k,random,haiku45,anthropic/claude-4.5-haiku-20251001,gen-1773657472-dzDdwTZbtkELNIfza7bt,1,ok,1,209,231,440,3528,0.001364,usage_estimate,,0.001364,0,,/disk0/home/gaohaoyu/multi-agent-sys_2/outputs/raw/random/0194_gsm8k_553_solver.json,,1773657484
195,gsm8k_416,gsm8k,random,haiku45,anthropic/claude-4.5-haiku-20251001,gen-1773657484-tQKYH6LlS5KQuM6JDzK7,1,ok,1,184,526,710,4730,0.002814,usage_estimate,,0.002814,0,,/disk0/home/gaohaoyu/multi-agent-sys_2/outputs/raw/random/0195_gsm8k_416_solver.json,,1773657498
196,humaneval_HumanEval/52,humaneval,random,gemini25flash,google/gemini-2.5-flash,gen-1773657498-nXeBYtZ6gyyvjY1rowsE,1,ok,1,160,849,1009,5741,0.0021705,usage_estimate,,0.0021705,0,,/disk0/home/gaohaoyu/multi-agent-sys_2/outputs/raw/random/0196_humaneval_HumanEval_52_solver.json,,1773657513
197,gsm8k_527,gsm8k,random,qwen3_235b,qwen/qwen3-235b-a22b-07-25,gen-1773657513-hOX9F9ckEBAU2teJtN3t,1,ok,1,126,185,311,4303,2.7446e-05,usage_estimate,,2.7446e-05,0,,/disk0/home/gaohaoyu/multi-agent-sys_2/outputs/raw/random/0197_gsm8k_527_solver.json,,1773657526
198,gsm8k_965,gsm8k,random,gemini25flash,google/gemini-2.5-flash,gen-1773657527-zzBbdWJ67WcJTNRSeRpa,1,ok,1,225,825,1050,4560,0.00213,usage_estimate,,0.00213,0,,/disk0/home/gaohaoyu/multi-agent-sys_2/outputs/raw/random/0198_gsm8k_965_solver.json,,1773657540
199,humaneval_HumanEval/163,humaneval,random,haiku45,anthropic/claude-4.5-haiku-20251001,gen-1773657541-ITIQUscXs8ytId4BRUCD,1,ok,1,221,680,901,7915,0.003621,usage_estimate,,0.003621,0,,/disk0/home/gaohaoyu/multi-agent-sys_2/outputs/raw/random/0199_humaneval_HumanEval_163_solver.json,,1773657558
200,humaneval_HumanEval/135,humaneval,random,haiku45,anthropic/claude-4.5-haiku-20251001,gen-1773657558-lB1jaOvta66djhK4wzEJ,1,ok,1,216,629,845,4802,0.0033610000000000003,usage_estimate,,0.0033610000000000003,0,,/disk0/home/gaohaoyu/multi-agent-sys_2/outputs/raw/random/0200_humaneval_HumanEval_135_solver.json,,1773657574
201,gsm8k_836,gsm8k,random,qwen3_235b,qwen/qwen3-235b-a22b-07-25,gen-1773657575-GXCC2HRNTLdLAImp2PCL,1,ok,1,159,131,290,11768,2.4389e-05,usage_estimate,,2.4389e-05,0,,/disk0/home/gaohaoyu/multi-agent-sys_2/outputs/raw/random/0201_gsm8k_836_solver.json,,1773657595
202,gsm8k_21,gsm8k,random,qwen3_235b,qwen/qwen3-235b-a22b-07-25,gen-1773657596-L5LH02hWoj1StACZvinE,1,ok,1,143,130,273,2478,2.3153e-05,usage_estimate,,2.3153e-05,0,,/disk0/home/gaohaoyu/multi-agent-sys_2/outputs/raw/random/0202_gsm8k_21_solver.json,,1773657609
203,humaneval_HumanEval/113,humaneval,random,gemini25flash,google/gemini-2.5-flash,gen-1773657609-AZrm5QMzhqUlBgSpot85,1,ok,1,263,1115,1378,5595,0.0028664,usage_estimate,,0.0028664,0,,/disk0/home/gaohaoyu/multi-agent-sys_2/outputs/raw/random/0203_humaneval_HumanEval_113_solver.json,,1773657626
204,humaneval_HumanEval/139,humaneval,random,haiku45,anthropic/claude-4.5-haiku-20251001,gen-1773657626-FQM3L78ssBCXtfFdyHil,1,ok,1,212,599,811,4731,0.003207,usage_estimate,,0.003207,0,,/disk0/home/gaohaoyu/multi-agent-sys_2/outputs/raw/random/0204_humaneval_HumanEval_139_solver.json,,1773657643
205,gsm8k_432,gsm8k,random,qwen3_235b,qwen/qwen3-235b-a22b-07-25,gen-1773657643-ufYibbUUg6QNAuvkoVco,1,ok,1,188,103,291,7171,2.3647999999999998e-05,usage_estimate,,2.3647999999999998e-05,0,,/disk0/home/gaohaoyu/multi-agent-sys_2/outputs/raw/random/0205_gsm8k_432_solver.json,,1773657659
206,humaneval_HumanEval/44,humaneval,random,qwen3_235b,qwen/qwen3-235b-a22b-07-25,gen-1773657660-TymwaHCG7SSUJVMfH4hh,0,runtime_error,1,175,1,176,3374,1.2525e-05,usage_estimate,,1.2525e-05,0,,/disk0/home/gaohaoyu/multi-agent-sys_2/outputs/raw/random/0206_humaneval_HumanEval_44_solver.json,,1773657674
207,gsm8k_957,gsm8k,random,deepseek_r1,deepseek/deepseek-r1-0528,gen-1773657674-Qit21drJ4NEvOamDF2Q4,1,ok,1,135,493,628,23159,0.0011206999999999999,usage_estimate,,0.0011206999999999999,0,,/disk0/home/gaohaoyu/multi-agent-sys_2/outputs/raw/random/0207_gsm8k_957_solver.json,,1773657706
208,humaneval_HumanEval/16,humaneval,random,qwen3_235b,qwen/qwen3-235b-a22b-07-25,gen-1773657706-yYds1SonsM6ncgFf5g7N,1,ok,1,144,20,164,1238,1.2224e-05,usage_estimate,,1.2224e-05,0,,/disk0/home/gaohaoyu/multi-agent-sys_2/outputs/raw/random/0208_humaneval_HumanEval_16_solver.json,,1773657713
209,gsm8k_62,gsm8k,random,deepseek_r1,deepseek/deepseek-r1-0528,gen-1773657714-xWeHaiwqiAvL33cU29MC,1,ok,1,155,1982,2137,23590,0.0043310499999999995,usage_estimate,,0.0043310499999999995,0,,/disk0/home/gaohaoyu/multi-agent-sys_2/outputs/raw/random/0209_gsm8k_62_solver.json,,1773657746
210,gsm8k_361,gsm8k,random,qwen3_235b,qwen/qwen3-235b-a22b-07-25,gen-1773657747-FmzYXAmAZM4hOk8kqjNK,0,parse_failure,0,196,3072,3268,448754,0.00032111600000000003,usage_estimate,,0.00032111600000000003,0,,/disk0/home/gaohaoyu/multi-agent-sys_2/outputs/raw/random/0210_gsm8k_361_solver.json,,1773658204
211,gsm8k_239,gsm8k,random,qwen3_235b,qwen/qwen3-235b-a22b-07-25,gen-1773658205-Yxd08IHY89eiG9QalQft,1,ok,1,185,194,379,8692,3.2535e-05,usage_estimate,,3.2535e-05,0,,/disk0/home/gaohaoyu/multi-agent-sys_2/outputs/raw/random/0211_gsm8k_239_solver.json,,1773658222
212,gsm8k_226,gsm8k,random,haiku45,anthropic/claude-4.5-haiku-20251001,gen-1773658223-bO0ENQzz7arGsZdyfezz,1,ok,1,204,411,615,4083,0.002259,usage_estimate,,0.002259,0,,/disk0/home/gaohaoyu/multi-agent-sys_2/outputs/raw/random/0212_gsm8k_226_solver.json,,1773658235
213,gsm8k_276,gsm8k,random,haiku45,anthropic/claude-4.5-haiku-20251001,gen-1773658236-6cogEqaiQjmWQySrWLlA,1,ok,1,206,487,693,4378,0.002641,usage_estimate,,0.002641,0,,/disk0/home/gaohaoyu/multi-agent-sys_2/outputs/raw/random/0213_gsm8k_276_solver.json,,1773658248
214,humaneval_HumanEval/1,humaneval,random,gemini25flash,google/gemini-2.5-flash,gen-1773658249-gKl3C3IxDTBBFTTpIWlQ,0,runtime_error,1,194,1009,1203,5686,0.0025806999999999996,usage_estimate,,0.0025806999999999996,0,,/disk0/home/gaohaoyu/multi-agent-sys_2/outputs/raw/random/0214_humaneval_HumanEval_1_solver.json,,1773658263
215,gsm8k_647,gsm8k,random,haiku45,anthropic/claude-4.5-haiku-20251001,gen-1773658263-u8dwE8kL0RGoylYQvdSg,1,ok,1,195,343,538,3593,0.00191,usage_estimate,,0.00191,0,,/disk0/home/gaohaoyu/multi-agent-sys_2/outputs/raw/random/0215_gsm8k_647_solver.json,,1773658276
216,humaneval_HumanEval/30,humaneval,random,deepseek_r1,deepseek/deepseek-r1-0528,gen-1773658276-WMo0gJxvZjIDjmNFdfD9,1,ok,1,186,132,318,3469,0.0003675,usage_estimate,,0.0003675,0,,/disk0/home/gaohaoyu/multi-agent-sys_2/outputs/raw/random/0216_humaneval_HumanEval_30_solver.json,,1773658288
217,gsm8k_1091,gsm8k,random,deepseek_r1,deepseek/deepseek-r1-0528,gen-1773658289-jizm3ZzS5RXjhe5xaQoA,1,ok,1,131,642,773,17476,0.00143925,usage_estimate,,0.00143925,0,,/disk0/home/gaohaoyu/multi-agent-sys_2/outputs/raw/random/0217_gsm8k_1091_solver.json,,1773658315
218,humaneval_HumanEval/45,humaneval,random,gemini25flash,google/gemini-2.5-flash,gen-1773658315-VzdceXR0aZksFndl39EC,1,ok,1,119,201,320,2940,0.0005382,usage_estimate,,0.0005382,0,,/disk0/home/gaohaoyu/multi-agent-sys_2/outputs/raw/random/0218_humaneval_HumanEval_45_solver.json,,1773658327
219,gsm8k_230,gsm8k,random,gemini25flash,google/gemini-2.5-flash,gen-1773658327-UhTGufp4lI4S2gOijOpi,1,ok,1,152,579,731,3222,0.0014931,usage_estimate,,0.0014931,0,,/disk0/home/gaohaoyu/multi-agent-sys_2/outputs/raw/random/0219_gsm8k_230_solver.json,,1773658339
220,humaneval_HumanEval/84,humaneval,random,haiku45,anthropic/claude-4.5-haiku-20251001,gen-1773658339-CphwldlSOAMHDAr7tFUU,1,ok,1,264,519,783,4713,0.002859,usage_estimate,,0.002859,0,,/disk0/home/gaohaoyu/multi-agent-sys_2/outputs/raw/random/0220_humaneval_HumanEval_84_solver.json,,1773658353
221,gsm8k_1241,gsm8k,random,deepseek_r1,deepseek/deepseek-r1-0528,gen-1773658354-Bn5atPE7kcehYWGxzFSj,0,wrong_answer,1,124,1525,1649,85092,0.00333455,usage_estimate,,0.00333455,0,,/disk0/home/gaohaoyu/multi-agent-sys_2/outputs/raw/random/0221_gsm8k_1241_solver.json,,1773658447
222,gsm8k_1022,gsm8k,random,qwen3_235b,qwen/qwen3-235b-a22b-07-25,gen-1773658448-zxf3cElunBLhFs8CKjLG,1,ok,1,153,195,348,5947,3.0363e-05,usage_estimate,,3.0363e-05,0,,/disk0/home/gaohaoyu/multi-agent-sys_2/outputs/raw/random/0222_gsm8k_1022_solver.json,,1773658464
223,humaneval_HumanEval/97,humaneval,random,haiku45,anthropic/claude-4.5-haiku-20251001,gen-1773658464-xpOTbCLSAVGTmPxhbGAr,1,ok,1,218,530,748,4633,0.002868,usage_estimate,,0.002868,0,,/disk0/home/gaohaoyu/multi-agent-sys_2/outputs/raw/random/0223_humaneval_HumanEval_97_solver.json,,1773658477
224,humaneval_HumanEval/129,humaneval,random,qwen3_235b,qwen/qwen3-235b-a22b-07-25,gen-1773658478-1UXTfeksUlvPPLYfkzBU,0,wrong_answer,1,470,3072,3542,33299,0.00034057000000000005,usage_estimate,,0.00034057000000000005,0,,/disk0/home/gaohaoyu/multi-agent-sys_2/outputs/raw/random/0224_humaneval_HumanEval_129_solver.json,,1773658520
225,gsm8k_480,gsm8k,random,gemini25flash,google/gemini-2.5-flash,gen-1773658521-VOH5VM9dnKuXIRESxAFc,1,ok,1,140,420,560,3703,0.001092,usage_estimate,,0.001092,0,,/disk0/home/gaohaoyu/multi-agent-sys_2/outputs/raw/random/0225_gsm8k_480_solver.json,,1773658533
226,humaneval_HumanEval/80,humaneval,random,haiku45,anthropic/claude-4.5-haiku-20251001,gen-1773658534-AkBQObHIUTJj0OMEWdMX,1,ok,1,244,676,920,5666,0.0036239999999999996,usage_estimate,,0.0036239999999999996,0,,/disk0/home/gaohaoyu/multi-agent-sys_2/outputs/raw/random/0226_humaneval_HumanEval_80_solver.json,,1773658548
227,gsm8k_525,gsm8k,random,qwen3_235b,qwen/qwen3-235b-a22b-07-25,gen-1773658549-eSbDHgrUvvpawI8HVOnx,1,ok,1,185,123,308,3029,2.5435e-05,usage_estimate,,2.5435e-05,0,,/disk0/home/gaohaoyu/multi-agent-sys_2/outputs/raw/random/0227_gsm8k_525_solver.json,,1773658560
228,gsm8k_293,gsm8k,random,gemini25flash,google/gemini-2.5-flash,gen-1773658561-GdA7alGqcCWSGkB1VVOx,0,wrong_answer,1,172,1074,1246,5690,0.0027366000000000005,usage_estimate,,0.0027366000000000005,0,,/disk0/home/gaohaoyu/multi-agent-sys_2/outputs/raw/random/0228_gsm8k_293_solver.json,,1773658575
229,gsm8k_633,gsm8k,random,deepseek_r1,deepseek/deepseek-r1-0528,gen-1773658576-J2faL74uyTMmhb8LMlSx,1,ok,1,129,691,820,22154,0.0015436999999999998,usage_estimate,,0.0015436999999999998,0,,/disk0/home/gaohaoyu/multi-agent-sys_2/outputs/raw/random/0229_gsm8k_633_solver.json,,1773658607
230,gsm8k_775,gsm8k,random,haiku45,anthropic/claude-4.5-haiku-20251001,gen-1773658607-XZudiaApi4Ql9hnrfipo,1,ok,1,201,383,584,4048,0.002116,usage_estimate,,0.002116,0,,/disk0/home/gaohaoyu/multi-agent-sys_2/outputs/raw/random/0230_gsm8k_775_solver.json,,1773658620
231,gsm8k_446,gsm8k,random,deepseek_r1,deepseek/deepseek-r1-0528,gen-1773658620-FESnRQ43IHVocX3wyGI5,1,ok,1,156,654,810,20633,0.0014762999999999998,usage_estimate,,0.0014762999999999998,0,,/disk0/home/gaohaoyu/multi-agent-sys_2/outputs/raw/random/0231_gsm8k_446_solver.json,,1773658650
232,humaneval_HumanEval/151,humaneval,random,qwen3_235b,qwen/qwen3-235b-a22b-07-25,gen-1773658650-b7oBRwUyDWIZSM4KBsIm,1,ok,1,213,178,391,3655,3.2922999999999996e-05,usage_estimate,,3.2922999999999996e-05,0,,/disk0/home/gaohaoyu/multi-agent-sys_2/outputs/raw/random/0232_humaneval_HumanEval_151_solver.json,,1773658663
233,humaneval_HumanEval/130,humaneval,random,qwen3_235b,qwen/qwen3-235b-a22b-07-25,gen-1773658664-HXgykTrd8bFHOl666x10,1,ok,1,309,332,641,5235,5.5139e-05,usage_estimate,,5.5139e-05,0,,/disk0/home/gaohaoyu/multi-agent-sys_2/outputs/raw/random/0233_humaneval_HumanEval_130_solver.json,,1773658678
234,gsm8k_169,gsm8k,random,deepseek_r1,deepseek/deepseek-r1-0528,gen-1773658679-6uonI3ANrjgpWpZ67O78,1,ok,1,122,599,721,19591,0.0013427500000000002,usage_estimate,,0.0013427500000000002,0,,/disk0/home/gaohaoyu/multi-agent-sys_2/outputs/raw/random/0234_gsm8k_169_solver.json,,1773658706
235,gsm8k_462,gsm8k,random,deepseek_r1,deepseek/deepseek-r1-0528,gen-1773658707-kqOelcpqP9jSC3bpgUUf,1,ok,1,114,312,426,14593,0.0007220999999999999,usage_estimate,,0.0007220999999999999,0,,/disk0/home/gaohaoyu/multi-agent-sys_2/outputs/raw/random/0235_gsm8k_462_solver.json,,1773658730
236,humaneval_HumanEval/141,humaneval,random,gemini25flash,google/gemini-2.5-flash,gen-1773658730-WUUzuj0F7JR9fbhhywbb,1,ok,1,306,1301,1607,6846,0.0033443,usage_estimate,,0.0033443,0,,/disk0/home/gaohaoyu/multi-agent-sys_2/outputs/raw/random/0236_humaneval_HumanEval_141_solver.json,,1773658746
237,humaneval_HumanEval/65,humaneval,random,deepseek_r1,deepseek/deepseek-r1-0528,gen-1773658747-cr9BrYfJ7MuODra4jN7d,0,syntax_error,0,155,6142,6297,71042,0.01327505,usage_estimate,,0.01327505,0,,/disk0/home/gaohaoyu/multi-agent-sys_2/outputs/raw/random/0237_humaneval_HumanEval_65_solver.json,,1773658827
238,gsm8k_1069,gsm8k,random,gemini25flash,google/gemini-2.5-flash,gen-1773658827-4XB9AnE7NUyePqe0Rw9b,1,ok,1,193,358,551,3152,0.0009529,usage_estimate,,0.0009529,0,,/disk0/home/gaohaoyu/multi-agent-sys_2/outputs/raw/random/0238_gsm8k_1069_solver.json,,1773658839
239,gsm8k_1284,gsm8k,random,deepseek_r1,deepseek/deepseek-r1-0528,gen-1773658839-AhXVquUDdxt2xDXOnpsD,1,ok,1,188,1788,1976,34388,0.0039288,usage_estimate,,0.0039288,0,,/disk0/home/gaohaoyu/multi-agent-sys_2/outputs/raw/random/0239_gsm8k_1284_solver.json,,1773658882
240,humaneval_HumanEval/28,humaneval,random,deepseek_r1,deepseek/deepseek-r1-0528,gen-1773658883-mwOMDxCv6HIoCGi1VQxH,1,ok,1,132,159,291,3996,0.00040125,usage_estimate,,0.00040125,0,,/disk0/home/gaohaoyu/multi-agent-sys_2/outputs/raw/random/0240_humaneval_HumanEval_28_solver.json,,1773658896
241,gsm8k_251,gsm8k,random,gemini25flash,google/gemini-2.5-flash,gen-1773658896-nXhMtxcW8o7MasvnybZi,1,ok,1,128,163,291,2388,0.0004459,usage_estimate,,0.0004459,0,,/disk0/home/gaohaoyu/multi-agent-sys_2/outputs/raw/random/0241_gsm8k_251_solver.json,,1773658907
242,gsm8k_1234,gsm8k,random,haiku45,anthropic/claude-4.5-haiku-20251001,gen-1773658908-z8LCfMtft0Io1nhK9YU4,1,ok,1,170,321,491,3280,0.001775,usage_estimate,,0.001775,0,,/disk0/home/gaohaoyu/multi-agent-sys_2/outputs/raw/random/0242_gsm8k_1234_solver.json,,1773658920
243,gsm8k_735,gsm8k,random,haiku45,anthropic/claude-4.5-haiku-20251001,gen-1773658920-yHRpbEnE7ULJkFAuc9EN,1,ok,1,190,474,664,4057,0.0025599999999999998,usage_estimate,,0.0025599999999999998,0,,/disk0/home/gaohaoyu/multi-agent-sys_2/outputs/raw/random/0243_gsm8k_735_solver.json,,1773658933
244,gsm8k_60,gsm8k,random,qwen3_235b,qwen/qwen3-235b-a22b-07-25,gen-1773658934-Zt1ixPmKJ9paEueq99Ei,0,wrong_answer,1,129,594,723,23097,6.8559e-05,usage_estimate,,6.8559e-05,0,,/disk0/home/gaohaoyu/multi-agent-sys_2/outputs/raw/random/0244_gsm8k_60_solver.json,,1773658965
245,gsm8k_260,gsm8k,random,qwen3_235b,qwen/qwen3-235b-a22b-07-25,gen-1773658965-fKIRtDL0wcWbHnbcw7s8,1,ok,1,140,109,249,2507,2.0839999999999997e-05,usage_estimate,,2.0839999999999997e-05,0,,/disk0/home/gaohaoyu/multi-agent-sys_2/outputs/raw/random/0245_gsm8k_260_solver.json,,1773658976
246,gsm8k_1057,gsm8k,random,gemini25flash,google/gemini-2.5-flash,gen-1773658977-4seFnzSIDPIqXNdR0EDe,1,ok,1,131,345,476,3044,0.0009018,usage_estimate,,0.0009018,0,,/disk0/home/gaohaoyu/multi-agent-sys_2/outputs/raw/random/0246_gsm8k_1057_solver.json,,1773658988
247,gsm8k_277,gsm8k,random,gemini25flash,google/gemini-2.5-flash,gen-1773658989-n5qiLSoVenSTerjeUtNx,1,ok,1,139,356,495,2997,0.0009316999999999999,usage_estimate,,0.0009316999999999999,0,,/disk0/home/gaohaoyu/multi-agent-sys_2/outputs/raw/random/0247_gsm8k_277_solver.json,,1773659001
248,humaneval_HumanEval/85,humaneval,random,deepseek_r1,deepseek/deepseek-r1-0528,gen-1773659001-Pms6tqlNFqPm5oKpe2qK,1,ok,1,122,234,356,16956,0.0005579999999999999,usage_estimate,,0.0005579999999999999,0,,/disk0/home/gaohaoyu/multi-agent-sys_2/outputs/raw/random/0248_humaneval_HumanEval_85_solver.json,,1773659027
249,gsm8k_759,gsm8k,random,gemini25flash,google/gemini-2.5-flash,gen-1773659027-cCtPnSJwF6kxMSJ78pwv,1,ok,1,136,557,693,3776,0.0014333,usage_estimate,,0.0014333,0,,/disk0/home/gaohaoyu/multi-agent-sys_2/outputs/raw/random/0249_gsm8k_759_solver.json,,1773659039
250,gsm8k_889,gsm8k,random,deepseek_r1,deepseek/deepseek-r1-0528,gen-1773661332-7CPMn6Pf1vQqx6LrlurI,1,ok,1,144,743,887,22065,0.0016622499999999999,usage_estimate,,0.0016622499999999999,0,,/disk0/home/gaohaoyu/multi-agent-sys_2/outputs/raw/random/0250_gsm8k_889_solver.json,,1773661363
251,humaneval_HumanEval/90,humaneval,random,gemini25flash,google/gemini-2.5-flash,gen-1773661524-QS5mB6ynqcTIwOKcnUmy,1,ok,1,198,989,1187,6164,0.0025319,usage_estimate,,0.0025319,0,,/disk0/home/gaohaoyu/multi-agent-sys_2/outputs/raw/random/0251_humaneval_HumanEval_90_solver.json,,1773661539
252,gsm8k_658,gsm8k,random,deepseek_r1,deepseek/deepseek-r1-0528,gen-1773661540-b9UR44KuHunhMnobl4ml,1,ok,1,163,305,468,9736,0.0007291,usage_estimate,,0.0007291,0,,/disk0/home/gaohaoyu/multi-agent-sys_2/outputs/raw/random/0252_gsm8k_658_solver.json,,1773661560
253,gsm8k_532,gsm8k,random,haiku45,anthropic/claude-4.5-haiku-20251001,gen-1773661560-riNcwSyWl3yJPrbz1uSh,1,ok,1,180,485,665,4473,0.002605,usage_estimate,,0.002605,0,,/disk0/home/gaohaoyu/multi-agent-sys_2/outputs/raw/random/0253_gsm8k_532_solver.json,,1773661573
254,gsm8k_1064,gsm8k,random,gemini25flash,google/gemini-2.5-flash,gen-1773661574-Fk5HXvKPbnCtYJJhp7tP,1,ok,1,156,398,554,4553,0.0010418,usage_estimate,,0.0010418,0,,/disk0/home/gaohaoyu/multi-agent-sys_2/outputs/raw/random/0254_gsm8k_1064_solver.json,,1773661587
255,humaneval_HumanEval/158,humaneval,random,qwen3_235b,qwen/qwen3-235b-a22b-07-25,gen-1773661587-oYo4L9i4P4NsKonaK3Ba,1,ok,1,194,65,259,4875,2.0274e-05,usage_estimate,,2.0274e-05,0,,/disk0/home/gaohaoyu/multi-agent-sys_2/outputs/raw/random/0255_humaneval_HumanEval_158_solver.json,,1773661601
256,gsm8k_1047,gsm8k,random,deepseek_r1,deepseek/deepseek-r1-0528,gen-1773661602-d6E8QkDWiQOkmIcrDu0i,1,ok,1,166,957,1123,48763,0.00213225,usage_estimate,,0.00213225,0,,/disk0/home/gaohaoyu/multi-agent-sys_2/outputs/raw/random/0256_gsm8k_1047_solver.json,,1773661659
257,gsm8k_800,gsm8k,random,deepseek_r1,deepseek/deepseek-r1-0528,gen-1773661659-DaGrXUyxYYkivANUVHtl,1,ok,1,131,464,595,16174,0.00105655,usage_estimate,,0.00105655,0,,/disk0/home/gaohaoyu/multi-agent-sys_2/outputs/raw/random/0257_gsm8k_800_solver.json,,1773661685
258,gsm8k_844,gsm8k,random,qwen3_235b,qwen/qwen3-235b-a22b-07-25,gen-1773661685-fAhAMooobadUNGi4aeMZ,1,ok,1,146,241,387,3727,3.4466000000000005e-05,usage_estimate,,3.4466000000000005e-05,0,,/disk0/home/gaohaoyu/multi-agent-sys_2/outputs/raw/random/0258_gsm8k_844_solver.json,,1773661698
259,humaneval_HumanEval/89,humaneval,random,gemini25flash,google/gemini-2.5-flash,gen-1773661698-lHrqsGStsr59vTXXbL5Q,1,ok,1,189,1127,1316,6400,0.0028741999999999995,usage_estimate,,0.0028741999999999995,0,,/disk0/home/gaohaoyu/multi-agent-sys_2/outputs/raw/random/0259_humaneval_HumanEval_89_solver.json,,1773661714
260,humaneval_HumanEval/154,humaneval,random,qwen3_235b,qwen/qwen3-235b-a22b-07-25,gen-1773661714-X2e0trFSsGqtEWwEJGol,1,ok,1,203,97,300,5906,2.4112999999999998e-05,usage_estimate,,2.4112999999999998e-05,0,,/disk0/home/gaohaoyu/multi-agent-sys_2/outputs/raw/random/0260_humaneval_HumanEval_154_solver.json,,1773661729
261,humaneval_HumanEval/155,humaneval,random,haiku45,anthropic/claude-4.5-haiku-20251001,gen-1773661729-NkyzIPfYiL7hpmK28q0w,1,ok,1,188,556,744,4108,0.0029679999999999997,usage_estimate,,0.0029679999999999997,0,,/disk0/home/gaohaoyu/multi-agent-sys_2/outputs/raw/random/0261_humaneval_HumanEval_155_solver.json,,1773661742
262,gsm8k_128,gsm8k,random,haiku45,anthropic/claude-4.5-haiku-20251001,gen-1773661743-S0J716nZjaMEed5VahrY,1,ok,1,228,481,709,6446,0.002633,usage_estimate,,0.002633,0,,/disk0/home/gaohaoyu/multi-agent-sys_2/outputs/raw/random/0262_gsm8k_128_solver.json,,1773661759
263,humaneval_HumanEval/145,humaneval,random,deepseek_r1,deepseek/deepseek-r1-0528,gen-1773661760-NgngZR7AYZKQ79ZmlzLY,0,runtime_error,1,184,2048,2232,32850,0.0044859999999999995,usage_estimate,,0.0044859999999999995,0,,/disk0/home/gaohaoyu/multi-agent-sys_2/outputs/raw/random/0263_humaneval_HumanEval_145_solver.json,,1773661800
264,gsm8k_661,gsm8k,random,haiku45,anthropic/claude-4.5-haiku-20251001,gen-1773661804-uASaedcQVpnHKmZtCQLq,1,ok,1,227,385,612,7623,0.002152,usage_estimate,,0.002152,0,,/disk0/home/gaohaoyu/multi-agent-sys_2/outputs/raw/random/0264_gsm8k_661_solver.json,,1773661817
265,humaneval_HumanEval/116,humaneval,random,haiku45,anthropic/claude-4.5-haiku-20251001,gen-1773661818-gNVvSiuuwyqUZ83EuYSX,1,ok,1,295,732,1027,8895,0.003955,usage_estimate,,0.003955,0,,/disk0/home/gaohaoyu/multi-agent-sys_2/outputs/raw/random/0265_humaneval_HumanEval_116_solver.json,,1773661833
266,humaneval_HumanEval/56,humaneval,random,haiku45,anthropic/claude-4.5-haiku-20251001,gen-1773661839-a2EmOfCD1kI45HhvXqGb,1,ok,1,211,438,649,7072,0.002401,usage_estimate,,0.002401,0,,/disk0/home/gaohaoyu/multi-agent-sys_2/outputs/raw/random/0266_humaneval_HumanEval_56_solver.json,,1773661855
267,humaneval_HumanEval/68,humaneval,random,qwen3_235b,qwen/qwen3-235b-a22b-07-25,gen-1773661858-Nl13bjc9FGBpVWac5acT,1,ok,1,389,88,477,2618,3.6419e-05,usage_estimate,,3.6419e-05,0,,/disk0/home/gaohaoyu/multi-agent-sys_2/outputs/raw/random/0267_humaneval_HumanEval_68_solver.json,,1773661870
268,humaneval_HumanEval/91,humaneval,random,gemini25flash,google/gemini-2.5-flash,gen-1773661871-KzLHp9IuDuX2JVnCy8pS,1,ok,1,187,1191,1378,6433,0.0030336,usage_estimate,,0.0030336,0,,/disk0/home/gaohaoyu/multi-agent-sys_2/outputs/raw/random/0268_humaneval_HumanEval_91_solver.json,,1773661885
